language,n,median_seconds,iqr_seconds,max_rss_bytes,max_rss_mib
Python,50,0.007851750,0.002306375,12550144,11.968750
Python,100,0.042106708,0.011964792,13680640,13.046875
Python,200,0.339358084,0.003321062,19070976,18.187500
Python,300,1.251765167,0.017600480,25935872,24.734375
Python,500,6.572771500,0.057920730,47726592,45.515625
Java,50,0.000470166,0.000003458,47579136,45.375000
Java,100,0.003656083,0.000080666,58834944,56.109375
Java,200,0.007212167,0.000160625,85213184,81.265625
Java,300,0.023826459,0.000017792,103284736,98.500000
Java,500,0.116232708,0.001468084,135725056,129.437500
C,50,0.000249000,0.000001000,1064960,1.015625
C,100,0.001739000,0.000018000,1523712,1.453125
C,200,0.006816000,0.000473000,2473984,2.359375
C,300,0.025437000,0.000416000,4767744,4.546875
C,500,0.135725000,0.000750000,11272192,10.750000
