0.5229471749597139,0.352469107399892,-0.021082548168724458,0.15485105860832293,-0.46256569582502816,-0.17154982126992468,-0.0960165548992713,0.2672555267005954,0.760250162614647,-0.8138104319147652,0.031226944175398064,-0.4435486242964326,0.8726722281771504,-0.261857651849156,0.9005081577307652,-0.34542143967813943,-0.9950538297160305,0.5482705808753865,0.46544805307897397,0.46186387497410597,-0.0831014866405646,0.32828764166368507,-0.2835545413180256,-0.8733386278796507,0.06884892877512971,-0.5643401299695883,-0.1407137986295277,-0.5762970671845236,-0.4629263233711549,0.656687234097616,-0.3244896896584253,0.15586728052190302,0.13228422183428057,-0.029324191982989856,-0.3125207588947616,0.36510385218641184,-0.9031814776965541,-0.8008505161675883,0.5677795236811365,-0.08083647465286625,-0.7515256415392031,0.7153031998572277,-0.11742810224714684,-0.9986481369757916,0.9160635386079445,-0.5953635872052006,0.37718376382302066,-0.736173825231973,0.2999943986813054,-0.6820450741883612
0.8654511254518484,-0.45196108380943567,0.30917592883758815,-0.4992214429017823,-0.2563124647064685,0.8076005376713158,-0.6689498416813124,-0.20731686613553357,-0.3889815103115386,0.39888274304914706,-0.5317123170311611,0.3109704567670699,0.40739607952808843,-0.9978273926165526,-0.04638658347817182,-0.7346004159200268,-0.5476182770811879,0.3599654502431582,-0.9814261047830797,0.3911942145760974,0.6342180538265969,0.976309818928544,-0.15537213244988024,-0.7356496978148783,-0.8583433891989758,-0.2338601486484546,0.4615267635279421,-0.7951456591009867,-0.3732970451181876,0.7619779899605412,-0.7257414105129087,0.5469209673012483,0.506315601982136,-0.7337075376275757,0.98588031049277,-0.7142938663302123,0.06101655309336196,-0.9830505160939809,0.3000404263156138,-0.11980115844029626,0.4448640527286447,0.25616007668180507,-0.697251738311438,-0.17658021128064383,0.37313233975147986,0.7199250492042999,-0.826623933068023,-0.7990697750447224,0.5048912930959049,0.17914783552302627
-0.2319361813137586,0.9264974211065282,-0.3709926636356613,-0.7203396223815326,-0.44606468611030925,-0.8315025680040267,0.10679326356946017,0.20001573445170573,0.21518619783104653,0.5579393050265198,0.3809521500293076,0.695784208879918,0.31681074017028776,-0.3967013328456028,0.03549825559447495,0.019045132229425166,0.4956872819624991,-0.40891589751586666,-0.8908617379694941,0.7958251207139793,0.9093430226943056,-0.010224560113466286,-0.774512674792383,-0.0008349174546848914,0.18785953627544627,0.05657300187236847,0.9553938956866712,0.9737650656863779,0.8678488033484317,-0.7360342385345959,0.7216280078734949,0.13676077754592186,-0.2691750743038026,0.36588409800485233,0.5254518757911715,0.9089059678817728,0.5407340984492277,-0.9666211964582876,-0.8649348614544656,-0.47562944567586585,-0.9203462761256205,-0.8790622808235886,0.5785799979861828,0.01322120854985398,0.25714139212115206,0.002097931014150234,-0.1691360112491962,0.4036212772470327,-0.8351443761507082,0.07312963214003076
0.232094111333496,-0.44506452853087985,-0.38018622876671615,0.022609396590662856,-0.5936050120843444,0.6161201619413066,0.07278034577891668,-0.21853699406330063,0.26858849470651336,0.6690529383695054,0.3621113694184208,-0.86776983275757,0.39735176321098264,0.4599167548630829,0.6929362302815525,-0.8841881119537391,-0.8275744032170214,-0.1310328227879618,-0.09325631540571466,0.21766480885488715,-0.3814198722529476,0.48338701811510854,0.48131636046835635,-0.7611139861842251,0.41580121423619665,0.4029992224477321,-0.6723347381291849,0.9060324035093952,0.046010725456816504,0.5659742030874917,0.441531036186918,-0.6660740916152383,-0.7461387850377503,0.5622479598739751,-0.4624710271815087,0.772829519481312,0.5428605809792493,-0.941287497654393,0.6142156933147396,-0.4560388099572925,-0.8722560217537039,0.42464649640099084,0.15330334942836799,-0.8458599374272293,-0.08960444464114503,-0.27975220895649344,-0.0007799884772334842,0.13377225647689972,-0.26462444428637655,-0.48976783792184375
-0.7941901699562608,0.147824610384113,0.44555674665173295,-0.5431911536934979,0.017649769821293626,-0.9119241854743809,0.7258569898052225,-0.5108970992865931,-0.056470820844523706,-0.2340410512652018,-0.6998306635176998,0.862320154314371,0.7149703954959448,0.10572957699172902,0.8278953390422581,0.48133165621315377,-0.16126139127440298,-0.3563959710558775,-0.1674868029973693,0.4405758428563942,-0.45748408398036666,-0.8442258600661761,-0.25438366652427735,0.004081885119165518,0.8038820185165427,-0.6413112994553887,0.6086760389175134,0.96282772788299,0.9081588149208553,-0.8621471244545098,-0.06981164416622776,-0.43538625875819514,0.689693008522656,-0.3453981565477622,0.10618279064813518,-0.984061652885089,-0.5986576930940883,0.12761348164837383,-0.3921813854638341,0.2454350477842091,-0.07214661883900142,0.18338186996963235,-0.013278648290230288,0.5452265259010487,-0.609155152254353,0.8008865944528465,0.5209644406433931,-0.5097462512468343,-0.9872442344963919,-0.17992778086796024
-0.534004516280514,-0.30715260452118764,0.6791480137923478,0.7543972285031499,0.9019805242868866,-0.9970759189288445,0.3146077003519956,0.6980119755578436,0.454430078081945,-0.7921019612968807,0.05962897812002499,-0.5236648109582687,-0.0159422463002048,-0.8802098486936207,0.993918540215097,0.42330494940020547,-0.8139467232838236,0.8425488059442128,0.7945749438629184,0.03951843698407398,0.40169381939735915,-0.2550160518518385,0.9491095803365022,-0.830195164967021,-0.8088459893252289,-0.7329722994980861,0.639925783788432,-0.850339031340245,0.13564145657841653,-0.13003424313002943,0.9284365494654816,-0.526456530516207,-0.47801812215277995,-0.36998216918048343,0.6016336439989904,0.40145121264308425,0.4707057375647361,-0.3638845614677988,-0.4560882563350912,-0.8506251283950406,-0.5945747474415326,0.5598739649377258,0.16941607160825778,-0.6891788973561266,-0.6712500386004636,-0.06788977512667649,-0.18697489618157248,0.07184909818004726,0.9292694445004575,-0.5847275487792929
-0.38338456357499084,-0.4699841461705836,-0.7601728872892128,-0.6847692458689676,0.37210968590103044,0.6527733758792995,0.3937559664741528,-0.9193403837826732,0.6718495019759725,-0.3444126822304161,-0.8175741924173028,-0.5035624210774898,-0.2885144889914326,0.026919350757458993,0.35436675397814366,-0.4796664145575522,0.9813532408158143,-0.9378358132824809,-0.1912155471056507,-0.0955976611978746,0.4961568944174184,-0.5002947435568978,-0.07591350224752214,0.6077935068877003,-0.7204139214537553,-0.976086153661174,0.660744663789272,0.9651344749672432,-0.7385695249120441,0.6473468303767116,-0.25552051236800466,0.26059509720764895,0.28937003141700357,0.1646476028281263,-0.4823586953069483,0.6254941832272287,-0.9563996345227745,-0.8710559279061805,0.8049921638665629,-0.11313735232802236,-0.742416902005991,0.8101559407603058,0.6587123544348359,-0.3369002174954465,-0.9146073618191384,-0.0780101559961186,-0.6640215825418871,0.14776839961344557,0.6433708030645675,-0.21000262355616117
-0.941035413999417,0.36642583350336566,-0.6543855763384216,-0.5705677880599467,-0.6256977725776767,-0.4402908914385524,0.7668475977872522,-0.9307011125369882,0.23835309769179158,-0.5084304415095091,-0.4097896740005671,-0.17601558740766987,0.10137733040796104,-0.8780418621343145,-0.4404480251220573,-0.7255279657358704,-0.6010843866668267,0.76930503244993,0.05162811650555943,0.26150877764951086,0.604336165542255,0.5896924886037405,0.9788072315230678,0.5638315336908499,-0.28177578032486994,0.08903561206810329,-0.030641029118983365,0.825354033196734,0.004786511087483403,-0.22323745086139923,-0.6403682526042616,-0.3622448653412409,-0.5619596238538109,0.7915295632286274,0.5570765626569489,-0.882817539443763,0.9830626468611416,0.058864583930863246,0.5336843369005457,0.9992114936226921,0.9479597234670043,-0.7997313253900848,0.3137288427524685,-0.4669459978686339,0.6325703232174695,0.8345189651408811,-0.8881826882951005,0.9927840970129143,-0.5611768279121503,0.6930101809302662
0.5947813747588175,-0.29039073086968026,0.6784445046118186,0.6904418047325616,-0.6477992648400199,0.18503901836282544,0.6124204507187767,0.39525312719915995,0.8279600082570686,-0.9435868605456819,0.4011216067028365,0.8951174701400304,0.1272129735663874,0.12621778172803677,-0.6235326701894874,0.9760124208092862,0.7632527197955206,-0.015546552209189546,-0.38189385569756085,-0.019127159745041533,-0.8194852462981943,-0.5347532838335218,-0.5623821166168455,0.05289702829702181,-0.9986330072323384,0.835792371841293,-0.5970712332957178,-0.7390209087616348,0.43387526538163224,0.837561574614412,0.6885681728753015,-0.3528223773903256,-0.9561742075128554,0.17321835018241893,0.8344482949622372,0.5487329976397839,0.6929617751582693,0.7213389331831015,0.9211175005515158,-0.2528184398332536,0.8838464269360833,-0.20880887529229142,-0.7979356596386273,-0.39646969254906184,-0.7270966622850199,-0.6849922279663083,0.8973870640526469,0.5836850499997435,0.9213242007374765,0.29836053128962803
-0.6515946580889387,0.9374857926663354,0.387120796585086,0.8576904179708507,0.5739835851911537,-0.5535255720387151,0.17790031156620723,-0.6492967400195584,-0.38635354140408396,0.37699687919791436,-0.745303270552929,0.457661911871998,0.8975762084425754,0.8973963196998058,-0.2167971454447961,0.9885662610952612,0.9303678805751019,-0.9352345141458251,0.2047773349019424,0.8420764328361587,0.935063371231871,-0.5582094991259758,0.1311004922406409,0.8733755871085085,-0.7187132637028633,0.4906866562039649,-0.5240081497012061,0.9647593098807137,-0.6642251664968317,0.7706405067902746,-0.8225479748597473,0.4179316262904489,0.278205375809758,0.7733070304356435,-0.10674013180441233,-0.46957511887424763,-0.5009182737294424,-0.8644104398715324,-0.48668411691457036,-0.7839307975707415,-0.9974376850106201,-0.22812580409318017,0.4651689889975372,0.9382036502113704,0.7691039951744549,-0.013836013052304752,-0.24257485045148197,0.09204793535690858,-0.7971428807257568,-0.04102149920567899
0.7281014409371538,0.3019391262269546,0.3743208084342289,-0.6746869765030232,-0.8525812208772516,0.6915249680491207,-0.4101827737677397,-0.36256618408668495,0.9033242628682412,-0.8515991964666814,-0.6597895936976186,-0.24908423184000728,0.4639701705426338,0.09409251722446288,0.796248346239947,-0.8137906292386268,0.18806108810418976,0.22728945155778768,-0.03452642702304365,-0.93801359189565,0.8848845162039276,-0.6700056104761718,0.7795065408080872,-0.6857924453384319,-0.7974843780533287,-0.5888990465641257,-0.6200314848232291,0.3943934076147142,0.44407620915135126,0.45994801134057983,-0.4694704613000469,-0.43695385310946944,-0.5249034301055087,-0.9007291139229803,0.14353961571548313,0.6797090096913021,-0.6928201309665316,-0.2783421575454539,-0.144788085108573,-0.41090110206757036,0.3240404520197353,0.20043105602753752,-0.6006503984781073,-0.9485286145366285,-0.6583356166155538,-0.41637706790778495,-0.8361278105740153,0.6875381486938732,-0.38329319976454124,-0.20506530298375414
-0.021806375758685492,0.3220801094920098,-0.8177262448986415,0.08825205843936068,-0.6302375589159055,0.7709853854990778,-0.2611966701361099,-0.10844945841108378,-0.4734080666342315,-0.06988408769069898,-0.5475154394346662,-0.4628760134541008,-0.8767212606798014,0.5044702842305742,0.33493691826913685,-0.8285853763201658,-0.31241722690790663,0.08289801201204416,0.9414110743471515,0.17945288460720699,0.10720381231581766,0.681594332860501,0.6368104297307471,-0.16273585013109892,0.07102882395785937,0.7337880274111246,-0.05035122375616008,0.7633077388352456,-0.04747543783706276,-0.8420899004518336,0.8055544026783081,0.4286113982607198,0.0042029406312096285,0.8009101229431836,0.6009006734413713,0.3550697711520605,0.24054622869860598,-0.7594362504891334,0.5143775112783868,-0.6542420543870111,0.9687359804982658,0.9443297566755138,0.6169214426387262,-0.7476280027229205,-0.15325020136880108,0.9765598726738314,-0.1292135089349855,0.9945384535575512,0.25445242446479566,0.6682162373520084
-0.4842272800244469,0.8216089714631885,0.8283478737971732,-0.8659760939027752,-0.22380169397049854,-0.20529001128592816,-0.3477463892605279,-0.44759836018550136,-0.08368563775476967,0.7469325067455141,0.5731012776555435,0.2461158571776163,0.04512402089961842,-0.16081233154954266,-0.1711152024620426,-0.7036005174131108,0.175868266562776,0.5167547757153459,0.8792999699742197,0.849856333518547,0.12536751895464504,-0.7980191143491027,-0.4278142919022552,0.07126696229183338,-0.3122616428450711,-0.17821992540155907,-0.23391305424589426,-0.028830415427338663,0.2179243039048704,-0.9250686590045731,-0.44917171593049243,-0.7122946587466525,0.21731052817125396,0.3873225063341841,-0.9224349350364098,0.779148427828515,-0.3370118485314586,-0.5248414121673857,0.49149963967827226,0.8416699658123306,0.7940627242988452,-0.9595342228134562,0.6347718506105551,-0.39389009310380674,-0.43930669363071684,-0.01676157328136596,0.39236568934994964,-0.8035652194545175,0.7378000501983972,-0.731228958063119
0.9484388492066209,-0.11377877333714226,0.6516466635595011,-0.46116003798247274,-0.16645454458923448,0.2911096228552885,-0.6241286182147772,-0.5772189957882048,0.6479388685102814,0.48188959784001595,0.5189865904525133,0.7343779411004514,0.6420347847969206,0.03053940521911369,-0.6820551147219991,-0.3777538134221823,0.013590550473110863,-0.7287003579658804,0.7025906819743843,0.758665182719712,-0.9421036813596286,-0.6144731063368836,0.6658598661531026,0.67395335521739,-0.5010194773514414,-0.08710266574383874,0.8360621386822324,0.40926789044007306,-0.45204500305128215,0.6470125833782323,0.010252749874327671,0.270819618151688,-0.7522542822186,-0.9388736152360129,-0.25506647692938555,0.1880871869043026,-0.6448326116722767,0.7409615438369257,0.17376049684485362,-0.3004801967106909,-0.6729727709642983,0.7889838406243908,0.4979222689698666,0.37770107523190855,-0.42986124713047613,-0.22686865851803062,-0.674185188802759,0.1445161220406015,0.9298352184045102,0.7142223748766046
0.29475978352296406,0.3553904921819415,-0.4618328414620858,-0.18098560700891575,-0.9598952850009512,0.5606073285212867,0.5351454568237026,-0.9822040278599085,0.8230308761047436,0.29474310835004824,0.20228390098906757,-0.9830725457702574,-0.49521911727869705,0.6101711383909727,-0.38908060323088645,0.9340488867367533,0.2854806225803279,-0.15238639868076187,-0.24704909545799847,-0.30258160145583735,-0.4960025814442479,-0.06660396900556864,0.3543923127746267,0.6486216429413272,-0.20569492005575962,-0.7953757940627997,0.02302743493660353,0.32471090505250455,0.6865679001715543,-0.25154047367785703,0.2946842401291807,0.21810020927603357,-0.4030481474934051,-0.7837909388283131,-0.8723258922057802,0.9767219316435343,0.2811894912293116,0.7229832005036612,-0.4777061841470063,0.42218755114358353,0.7847475953618654,-0.4024177761620271,-0.700141407291687,0.5309487766072463,0.7993740894909898,0.6108596452670596,0.6047274889056231,0.20006660229114326,0.3210606473622579,0.3615115007747636
0.44256639518522123,0.3108011409248832,0.9949381991565918,-0.48114745457602215,-0.16286862783731682,-0.2234501579890833,-0.9293619903471515,0.4161379187517422,0.14408486807368237,-0.6201696791772986,0.45309975316180706,-0.5552736120474622,0.06927020308842624,0.569794110592234,0.8130530110101095,0.3437369519248177,0.014629711213630658,0.6908384884891905,0.6812773891927999,0.752989568684221,-0.6377282843919985,-0.8047938723745813,-0.7441117206078933,-0.4826962988795842,0.6166877382849403,0.525836436638605,-0.6338632859748099,0.3594247385798566,-0.3287350735897625,-0.8214003559611216,-0.2894332077603352,0.4884198586856161,-0.38582945733558294,0.5761808736151985,-0.33736572605844706,-0.47888152918859284,-0.4118977566993145,0.7024277764228204,-0.05892686465863961,0.7327867393850793,0.16714923948516103,0.888601968000154,-0.8575685251918483,0.7788521229407757,0.0009547489854087043,0.73499550939646,-0.2366615603888258,-0.40328849236507347,-0.8918760587148498,0.7084795408066875
-0.7252694816537522,-0.599406818409713,-0.18161630649579186,0.13880717594690783,0.8132418690122551,-0.08485713387691751,-0.3672330847025822,0.4313369122200721,0.557882354867629,-0.0248383085037851,0.2620655445253903,-0.6463514668730785,0.268997938305342,-0.9905729971520123,-0.4529442755970008,0.5223865624299984,-0.6627884868341847,0.5289674722915159,-0.02084581873996716,0.5271383342109985,-0.8239173124819108,0.22895947745012357,0.26697508140518833,-0.19321303920409916,0.9306556802600663,-0.23336715989307866,-0.924549363050124,-0.6011714975437661,-0.25379718914525795,-0.9718457625507357,-0.3555737323038619,0.666457333133128,-0.6188465801191909,0.3534962833542201,0.25337385734324513,-0.5023537542482361,0.3870494943407943,-0.3113004518733582,-0.7421383991433945,-0.23289904738461265,0.17734137633614377,-0.6659596254633813,0.6476876593488208,-0.4035954930117225,-0.4183444163810268,0.4556638228936256,0.19273983723100474,-0.3243296975841341,0.7759480876740834,0.9909448196558568
-0.31453432148488014,0.802767552289049,-0.28149822726673523,-0.6231479322182611,0.8961687074138853,0.8364108176828668,-0.1932167109977494,-0.543163430328349,0.45433765627264266,-0.7375884471656349,0.4681532386230418,0.17938566959848323,-0.6620305162197058,-0.266817097200303,0.30108076024244945,-0.9252731446148095,0.7530882751989525,-0.48842165214941424,0.0694668683876809,-0.9028260768365255,0.9893604673141296,0.3239398316757893,0.30713523680150523,-0.9605164669717097,0.3794994967548522,-0.16644886964091232,-0.23949247414477082,0.09456476945785108,-0.0512073233445256,-0.6937458037511273,0.3903840584418181,0.26062268032587377,-0.39776709048641545,0.3233291521814441,0.32496593177779354,-0.4600457009256218,0.2112686738480083,-0.7256729540403821,0.6613054409417796,-0.7901715261998061,0.4375324490323358,-0.7645308631255214,-0.7719748946315041,-0.78747258338721,-0.6027066765874356,-0.600501227707283,-0.47401216877253627,0.046292215185161245,-0.5966536200356212,0.4068735004925166
-0.4092975979987741,-0.9211885847428627,-0.007290573263814659,-0.58461203145677,0.8662486893037549,-0.33879276760659716,-0.9945240018852146,0.3432662649304097,0.8137600885395841,0.6704643305264824,0.3380438610032801,-0.7017110146664678,-0.819834652848151,0.023410693929317716,0.44712723379695785,-0.7974190428140853,-0.48821579449867025,-0.5376794270165082,0.9773318615152082,-0.4079556425791231,-0.07144528552770324,-0.8003821698847651,-0.6505963821092182,-0.9211109600626128,-0.4188656455246411,0.6031922053808947,-0.37458578607447146,0.47708039158435245,-0.8100030593388394,0.5164080096824766,-0.9082218258131696,0.7039974501489763,0.3267100549816879,-0.6589754472872493,-0.28494519152451137,-0.12457096643613053,0.2436140666650144,0.7569510747949473,-0.8140973691251554,0.6299285790729927,-0.6342611593927145,-0.19844497143849416,0.9246198602995079,-0.45633381849961974,-0.2285690204813715,0.701343156073168,0.5997981938979002,0.29769296774452747,0.5938191140708138,-0.7738868872447078
0.3923397470475898,-0.8827072086696452,0.8849339759998001,-0.6812092050356702,-0.1679445667382069,0.18150060598067697,0.6045295680901919,0.356786272498411,-0.6374788789253958,-0.24049844176822477,-0.2828021703458068,-0.9423675408575569,0.36892826676294566,0.6770729530942234,0.9468891604507386,-0.7386893409031683,0.8407959712762054,-0.7741250412524652,-0.17743147252965152,-0.90805534924066,-0.47677426554302027,-0.3715241102522582,0.4091363529612462,0.35585784204032866,0.5350574365798206,0.15329801624675898,0.1300244513747828,0.955791115101597,0.33968871642863085,-0.32339871646315355,0.046206350449347955,0.4011603685951086,-0.8095157230966106,0.323426525691926,-0.5028460102985848,-0.30850102508499266,0.3525911367148824,-0.2302467651865714,0.6780660424595746,0.11668847340437583,0.9755832495229544,-0.8908677695446483,0.2867974331136258,-0.6861452533965176,0.6976911495520015,0.7037423028921324,0.7388312692255359,-0.8502695150460304,-0.01670407771119753,-0.5182163666055377
0.9402900975668003,-0.8992985709469121,-0.554586953662402,0.28663462964650366,-0.1934460130765543,-0.5300000000174256,-0.08181081050352956,0.6025225754534442,-0.10380282866925228,0.7131784483560344,-0.10586376017240395,-0.7625862958927343,-0.00525330386699796,0.30674600627674353,-0.7947133570396951,-0.1753229046489011,0.11426202280966624,-0.9996605690433271,-0.8182089061769355,0.20840655212359493,0.2381323074927646,-0.3908040837927029,0.016675480638929763,-0.5862975023002033,0.3429487415583121,0.9007102599867314,-0.27331504486037805,-0.8914495733888643,-0.5541637712073708,-0.09108003479283133,0.12030169021213633,0.2395159393541686,-0.053732637812822226,0.31433441286227914,0.4318270005663105,-0.7719532832885234,0.5186399021582342,-0.55650578435962,-0.3172857708463226,0.6597677712688024,0.92886736690868,-0.416032872383437,0.04397017320827179,0.40419210651997073,-0.9084437802899314,-0.6716892645892183,-0.7191016253555023,0.4337122252957655,0.4431181909026318,-0.786076988960962
0.2217035322773675,-0.6249131989367933,0.8604325183062906,-0.2142070201696531,-0.08590798341402217,0.5628408072975093,0.43357582893868596,-0.784468505425016,-0.1710593097433395,0.8532530610746214,0.67493247497293,0.17762221579580273,0.5442903472744576,-0.09899080608207189,0.3169133900004053,0.912380643251502,-0.7307279711387344,-0.002342715794777517,0.06072869503816847,-0.9028567887361896,0.8706165616633053,0.677632221357833,-0.034136072928147465,0.016665798143766564,0.8423246280876022,-0.6455951229957089,0.15710877140835322,0.46098932348555555,-0.7432364358968444,-0.22518884155866803,0.20109204361082256,0.765391727117356,0.00822023870632882,-0.2306747225125918,0.9590015204100859,0.8318204833941985,0.5247493125235854,-0.45280824008777754,0.9271870753595053,0.9409832998242011,-0.09430858783726648,-0.733256337967813,-0.1745090543847614,0.4000285697942503,0.49685373175583214,-0.40217373008915147,0.40298862081476994,0.721415092258316,0.42374871279029014,0.8710241549250715
0.26516656901452773,-0.5982218353493112,0.24833517841077635,-0.4188410090414987,-0.3094128382028378,0.344747426102634,0.9626709924697345,0.30017277561395583,0.9166529056103929,0.00778687808649936,0.3886239474546527,-0.3552372051722896,-0.7691894954327492,-0.2955243950742452,-0.03926015521874637,0.1412763885061985,0.33431447610443277,-0.16504413374895632,0.4957374467531739,0.6827786048338234,-0.4281440395492728,0.6946021828410978,0.616609558653392,0.045459972418404604,-0.9494557174910558,-0.7093465767344089,0.34050835753388364,-0.6001951654705664,0.5003700373401074,-0.67812921131354,-0.4267689036817801,-0.498877985083634,0.6787636289303425,0.38118970072802005,-0.40971886807678803,0.50718789609033,-0.9353872335153457,0.6280524351089374,-0.7950399873240468,0.7360707473088206,0.47898496034569993,0.7296829704092052,0.484825471745721,0.12254110558162123,-0.524809054867591,0.5686143457417732,0.5976435049791409,-0.4247226909855595,0.3289871371832471,0.8529696223375591
-0.2248907027160194,0.9134039400236535,0.9516454441122526,-0.3746920382107317,0.10424919506612706,-0.9740695246507234,-0.4973177432553886,0.24112339122369808,0.5618497857517708,0.7402361846426702,0.659966963910289,0.8229727541474772,0.4092581377855755,0.29526477110000116,0.5102154104170997,0.09323027340248258,0.2067739545772831,0.5522934902446643,0.9285796462520615,-0.41164455639101694,-0.6451482030234736,0.36531770340307035,-0.6260468369353527,-0.6524097362893897,0.02769370554914774,-0.24560354589470879,-0.14298437119853147,0.11319724119066588,-0.7398669397692554,0.16797211536786238,-0.48996770373515597,-0.33887442251546185,0.4193785926326281,-0.6903886044034275,-0.6925932328607405,-0.35473994021296007,-0.8982891176095464,0.8647637311423817,0.23121735219866002,0.3237804219298781,-0.01889811769264682,0.1453539811098601,-0.28382882367252127,0.5680628971410029,-0.36428198925562105,-0.5600759691448851,-0.6322618049292821,-0.8636470617911483,0.01028070091263178,-0.16813751245915665
0.07407190506781736,-0.8161088921218671,-0.5576038377970944,-0.5732923796276082,-0.336232970192037,-0.2784043506745346,-0.5631094284309706,0.5053113791090338,0.06099779121364923,0.9932621652086775,0.6473768018504045,0.962266395230593,-0.9823926074099252,0.3378769359887732,-0.1086655074306151,0.8089929169753842,0.22740219412158869,0.24226339524726792,0.917793632147867,0.3651027215370559,-0.3581259789858371,0.8318648605973509,0.8899753408636752,-0.22824813043191217,0.080474625885123,-0.4343420114412051,0.8226718532572361,0.6442181284799324,-0.2500839156760417,0.6056334750165877,-0.10888620485656397,-0.9122966781789965,0.7965632178117066,-0.6149752241326458,0.02778940025486709,0.8964236392968361,-0.6652103815730102,0.9125524129467981,0.07594966192850205,-0.9853388275663097,-0.8690563557925601,0.34067025228611336,0.5471645327385533,0.7299017114252624,-0.15158109611771886,-0.7921463816526597,0.07550842804832247,0.40548573253508247,0.9524478426780556,0.5504134809261225
0.2931223186366907,0.879502223016627,0.49378165134852425,-0.692490845564709,-0.08154952947991667,-0.3365692490654244,-0.8249582041316028,-0.8914638582171179,0.5884295739517806,0.11616841063562156,0.1499245885255831,-0.5447087301166866,-0.4827040820176487,-0.22393479271045846,0.26043452925157573,-0.13394993072145822,-0.9662180633917175,0.3465974646554255,0.06966874012200419,0.2828454929632793,0.23669871782120433,0.5119211933903549,0.17121602662677837,0.4017640627660042,-0.8548211104020458,0.8560955003326676,-0.7877289162600549,0.5737837953251399,-0.3972985803102578,-0.8269895571244146,0.530548482040925,-0.12464770106355005,-0.2097734835427647,0.32144632981448096,-0.052024645264097114,0.06693552762069888,-0.7272370793409064,-0.2180148691420194,0.5949692256669317,0.09144893728164516,0.9202685301608691,-0.7118489250830338,0.35457809101012505,0.8283378327692357,0.5900342444649185,0.4586491532316894,-0.253738970199352,0.8989302070610254,0.10704837552855784,0.1101394912805238
-0.753529682133002,-0.9899403218519898,0.19330977490666057,0.07430409710892194,0.8939587784577436,-0.3906176953009832,0.49659317346558685,0.8070927519490918,-0.3122967003027062,-0.17469100794750414,0.2918630071201749,0.025105389095174013,-0.67809128487121,-0.5584240612851841,0.6694967337361242,-0.6113475693073491,-0.6372840304526999,0.5993201072110628,0.7045022555349514,0.7027754448509484,0.8647397308062972,0.9886261008508668,-0.07746959262081221,0.0993292193583335,-0.4186946649598293,-0.8652744851903973,-0.8035951972392561,0.4511785146682805,-0.02561917973250294,-0.3382981366345532,-0.7435697068080969,0.3109459613939054,-0.7999098854491542,0.23903155430866585,0.8002371816858436,-0.3644281255325492,-0.09870804357012997,0.23268486051890624,-0.38864902118655853,0.1683398656903945,0.1311040158102197,-0.2710131286427415,-0.36733368100734176,-0.14338521408081784,-0.9903362346706572,-0.5076497229090318,-0.5569485915869605,0.4796324318772336,-0.1277518678206231,0.6802201175613105
-0.7313883352342223,0.46594559150282944,0.7557716590159231,-0.07430324784877951,-0.28251679577280653,-0.3890564071093294,0.10334365232039433,-0.6484596782095493,0.21325533214172254,0.6835859906765211,0.7174273107415985,-0.7199966625676002,0.07723607415604472,-0.4735306988128334,0.7726716641577911,-0.8470752428855692,-0.8492000864132467,-0.9627394102575293,0.014356622571147781,-0.9376115379833818,0.16378098098785854,-0.18973106489777192,0.18007262368143606,0.8126071547963665,0.10318799705231663,0.08693864783623706,0.9974563500237035,-0.05579209843414823,0.5503944776748564,-0.26836273979398095,-0.5533867047512899,0.5442896871209255,0.466453654425802,-0.4180016795712522,-0.07059771565909445,0.020823986687571017,-0.2064296847005851,0.004334539332861764,0.32535697875739333,0.6959636802077331,0.6130801138557969,0.2280719531202562,-0.6683128959356834,0.028273361032764344,-0.10755911232199655,-0.6417096321827584,0.8974236632259567,0.31882661390595346,0.935471119675026,0.4718396176696489
-0.03299316854513812,-0.2824089223083881,-0.5623617654819433,-0.024715703252704335,-0.8742776771730616,-0.26112962910505133,-0.9143831183227062,-0.586451850564998,0.8154521851459213,-0.2774972708807424,-0.06065154197958211,-0.09071310041022329,-0.9071250849976438,0.9611795641262046,-0.3518577798720448,0.4074725056952446,0.04274580826710128,0.6592943113073007,0.6697445324347868,-0.47336786123169317,0.08870012417674289,-0.6523003671070999,0.30735062626776855,-0.2694064440179047,0.3066730931136996,0.6709381353532891,0.033325795107877365,-0.24734243791290966,0.8144848528936393,0.032743564335140585,-0.29420398448054863,0.7354388437424946,-0.02627687465164885,-0.03577982057374807,0.20842196057137374,0.0036739689414835297,-0.7220633858457401,-0.6687883551420157,-0.8458235485175063,0.2869540047766195,-0.5769657917284905,-0.6261886483824648,-0.2755541115698179,0.43460541690819077,-0.7633395543529147,-0.5393073348013508,0.62234525874592,0.44051131774989805,-0.03696670122102774,-0.042370714559835765
-0.5785920978964731,-0.6775074802747485,0.6667299927905084,-0.9551079236914173,-0.9137113373296692,0.1469730227045365,-0.677741719264924,0.25908084977630996,-0.9216182695210329,0.1445385984609291,-0.8881759916791117,-0.48348070796658305,-0.6399249208474058,0.9164766729691074,0.19871504558985942,0.1272094046715304,-0.9627599287255262,0.4390945990081774,0.3234901252583162,-0.4330907471887191,-0.828502994528511,-0.10159327676108654,0.9855516474159576,0.7346047979841888,-0.6588664320206075,0.6607271494085616,0.20167742882240014,0.5892321405209024,0.6409063602609948,-0.6362316962598007,0.3192975001157061,-0.4709586029094206,0.44837359615551176,-0.3146574508793363,-0.09305970971981647,0.1811919818646146,-0.5403724256424405,-0.22907623451630488,-0.782859772196969,-0.5953029018236498,0.719183384021211,0.00871905214142532,-0.16040997465678775,-0.7008776127470879,-0.8074028465535912,-0.04826162902104536,0.22949633896073385,-0.9219268727637435,0.5677364696775369,0.006658416276918988
-0.7649671868504591,-0.03551812977503821,-0.7393423184456713,0.20694930164942105,0.6550435573041469,0.7939379056950633,0.5497408461356066,0.29846347021306774,0.04408845932310834,-0.2592450995024398,-0.913123433327037,0.05963303787941121,-0.5410274872418996,0.6046003920156275,0.5791111703019092,-0.23752700760188983,0.17809617228241303,0.48278808456449007,0.5230784540949838,0.39341520631493343,-0.8045661833064348,-0.7322337887507973,-0.04571752599091994,-0.5349742187546886,0.7181064946028228,-0.43346666398208833,0.753532626386449,-0.1827065906255696,-0.6219579725642586,0.41829767441221577,0.5788449646102498,0.15597429160089238,-0.764342792037698,-0.9856118950988371,0.3090922416063948,0.3755334735555522,-0.36819657074145873,-0.2754604204508184,-0.6904428388763728,0.3031518695558635,-0.4927345475360321,0.7099538525358571,-0.15287690513327368,-0.26871181112705655,-0.44887891424002246,0.36121141012689684,0.5099438012196669,-0.1735436834081272,0.567576833927075,-0.03506448598623879
-0.259574062241706,0.1098227125966571,-0.49244470911460736,-0.3866938266508111,-0.3112873915702927,0.4109892159421704,0.47156486120922136,0.7099978456471938,0.3185656982524061,0.49562839015977533,-0.10681024516956139,0.39862288459010675,-0.6764097645837275,-0.5710837169238399,-0.19887818714855432,-0.32312430738130615,0.1011524291936361,0.39411481744892063,0.41357986706573957,-0.6785239817335655,0.9291405027490349,-0.9894187330548561,-0.8178228315225919,-0.7093431283284926,0.8517235755956982,-0.12924513089447198,-0.8718390872613788,-0.556459510760976,-0.8399205266083947,-0.9244893234298421,-0.23134797914795602,0.9688962012625464,0.22793118143342772,0.04201108644111784,0.42321166341796235,0.1949451276281926,0.8914317156912155,0.6404574688564408,0.280582629060274,-0.12205590291752832,-0.5965855143879708,0.31376844541368576,0.6078198182307673,-0.4279869765826092,-0.9327812972074832,0.19902982578497896,0.03162726310565667,-0.5366580543638768,-0.6610342163737957,-0.9278777337113024
-0.5214867494252455,-0.9994254562907532,-0.6851104782992183,0.9936342876544126,0.5593457579528345,-0.293744673286944,-0.2097137658975876,0.17216033041939705,0.03548540197858974,0.47385108029279,-0.8627656561258821,-0.819668284809699,-0.4310124259272412,0.6595296048985997,0.8300179478963079,-0.3038095035035151,0.9265753301309776,-0.4469843026057556,0.21272681598450438,-0.6109496138280779,0.8594276816242405,0.1498134434916294,-0.47778498865612185,-0.18573074778559673,-0.7870700872148468,-0.8552280589465922,-0.4114963510637599,0.8940309303553251,0.6058844851447147,0.9134186991705504,0.7522260924861339,0.6262946992127485,0.14978775754781792,0.38838372294260015,0.9321109112662118,0.12633720760986034,0.539934385467667,0.5149465700933449,0.9224774506032287,-0.0823031413317521,-0.07855911707097563,0.17365303429995893,-0.9452986049358523,-0.7674633971181548,-0.8648914786774928,0.26732359511637704,0.988396066730951,0.35382595213019985,-0.5401397228216918,-0.36853861194214277
0.9108913742467204,0.0330084344096766,-0.9805536165711501,0.6643540898464573,-0.503484781275845,-0.8139811396758165,0.3473958335636276,0.6421493789850603,-0.8479423589326218,0.8627924796713253,-0.04688909182142065,-0.29292414756765783,0.7886325057404133,-0.4618484350624019,0.8942362181269563,0.3662146170475371,0.8198549179757757,-0.002001319272633806,-0.6006669218113816,0.4708581304856614,0.745484996816596,-0.5864427353559802,-0.5944668824234534,-0.500609132106085,0.23719379836361654,-0.6880088630476822,-0.7866214197892176,0.8403762590659791,0.35162424975305306,0.32684815664090006,0.22765395055150495,0.528488425271054,0.082947909206049,-0.9154737465380045,-0.03541583759789879,0.2413349496635333,-0.015319244591575965,0.9707226586488968,0.7939995463865901,0.7375376712491069,-0.018389296786906595,0.968789365355109,0.8320136593451146,-0.43946675363362586,-0.5558144338403734,0.15333037269481942,-0.8917036574224317,0.598539835559962,-0.04335984677591309,0.08153589118365412
0.004950424243345131,-0.2125661542952042,0.3726772930607789,-0.6503992757619019,0.9530143904740835,0.3964891361922791,-0.07985881990713994,0.3784210981192977,-0.9763600427791022,-0.5784952285971046,0.16201643795889353,-0.34912760016914723,0.22555619272354277,-0.4805984618194039,0.09712680075837721,-0.5257216949849095,-0.057309270523089095,0.22616808627689555,-0.26815169775614645,-0.0024599667796063596,-0.5789350357786873,0.4014252536326015,-0.2553807442623679,0.7086521744816392,-0.44074093623863186,-0.6402215425460083,-0.7377216670025522,0.15178545841592417,-0.5428665010006628,-0.8002605181810938,-0.4601017861949268,-0.5283896542289848,-0.1355624965383302,-0.238233235537064,-0.7083125293249273,0.9182958414933384,-0.7009038854690341,0.6113367231151803,-0.6467854466807743,-0.000804347776298675,0.9911235405992032,0.6987798307933208,0.034013949841001256,0.4411206590492611,0.5706658733877568,-0.39993163569310264,0.1242769041434224,0.1356690384106234,-0.20319619627334484,0.38108635192128837
-0.8799272445519668,0.6276361384136926,-0.04692115129572594,0.2597244247243089,-0.10029036187241647,-0.33068692297087443,-0.2780759578897569,0.12070006962852897,0.8636891515555363,-0.4845703490951616,-0.96032933277248,-0.7575250215665925,0.7347371679482735,0.9262331218358282,-0.6020837787262536,0.15178891494669733,0.2982619037991501,-0.6509223285410832,0.5606181961984742,-0.2897819232182164,0.3463856802947003,-0.025012511391276693,0.4730523295243101,0.779264898276441,-0.2378580031743085,-0.42695284688842183,0.2634243809669379,-0.7103033234438652,-0.6648489290389323,0.615434287914137,-0.3252233800021338,0.262546816651674,0.14327514774758687,0.6978015438776173,-0.8573118436468852,-0.6760010221060293,-0.5435641212242535,-0.36624351660887755,-0.4172872944111603,-0.4650552182587242,0.28928858631037646,-0.45750379729730195,-0.11020322470405652,0.725612967294005,-0.27367031949914256,0.1738395470520211,0.9310520656449892,-0.1720218782526537,-0.632227601793232,-0.9537978153669848
0.45554483286480885,0.32404509561727934,0.8808746746759912,0.40139385684936846,-0.8398705242489057,-0.6661790699206951,-0.7939813718862279,-0.8724152008176795,0.7573819528994827,0.09686748763658759,-0.947270173267518,-0.20597495847966107,0.5299927442671915,-0.8334975972186267,-0.47509547147002573,-0.6894512759996763,0.30966535108669957,0.7709426341927976,-0.3812586929000028,-0.5052069613696155,-0.431649439883822,0.25296136925237933,-0.7374457787462723,0.6770355577857492,-0.9428574139601742,0.3270982706076091,0.7207376348267851,-0.34959736668704244,-0.04769051868925289,0.9499630908801893,0.08116832278456632,-0.4551711447753717,-0.1103101352585123,0.9390845291090923,0.39524575381409477,-0.6459267200405758,0.19516839767312133,0.26209504528211935,0.27170227285167137,0.12796897344257485,0.046919608709014904,0.2790564974216241,-0.3806773437720068,-0.30566339967173817,0.07933624427211927,0.609415532492906,-0.11627938884693112,-0.26843335610324437,-0.4803859121245513,-0.39285416885382207
-0.9998153072101439,0.6307595783217763,0.6958929767653412,-0.3122301655000115,-0.061604089511947624,-0.9833657788072534,0.8441767914881058,0.8939150237362488,-0.04586585909708574,-0.9817348008473337,-0.1391293734615331,-0.4141547739952245,-0.5375692129616829,-0.9855640299884649,-0.25271224694593286,-0.17652826186773085,0.12110871727923089,-0.21049584075963335,-0.6734610093394224,0.47423570820675476,-0.22055346029360812,-0.24328387945007646,-0.47403944910750195,-0.15552123449261468,-0.5208763701228789,0.5290765881532291,0.8199088068785698,0.6151498808551512,0.3692805807570385,-0.4306462906530941,0.4858537842623034,0.6176172981980743,-0.17419224697350533,0.7069640467832081,-0.6351856419947144,-0.42080940141742906,0.2737854190966935,0.2354588278050307,-0.4557317390967519,0.245507560551107,-0.6244211149119776,-0.9612092055060073,-0.9007358555538028,0.06994150611953254,-0.6281248037169487,-0.7954530226869205,-0.4616097342217089,0.43039188442255005,0.45421414089506995,-0.5343790040880891
-0.6986326126050229,-0.012840893608509374,-0.3161742922627475,-0.37684662959388904,0.5989247038721404,0.995926892331199,-0.07263106559314148,0.5828494285305905,-0.3395027059283393,0.6870925985361571,0.9032880834652159,-0.8879233111962144,0.551305821425047,-0.8572306105018863,-0.05970644680256054,-0.6156154141470944,0.6830785758805193,0.6345014479991407,0.6565040947886629,-0.7560768876284585,0.5362913417023796,-0.5020752789855318,0.5424506660546691,-0.11407811571415993,0.4752380251070172,-0.9329794168594499,-0.07833072937544028,0.5419919355803773,0.04227824011456782,0.9642317028112282,-0.05434891001696962,0.3628846401157064,-0.37578126883186047,-0.3538736230341877,0.25832850826139864,-0.9156281688105379,0.8748418472644677,0.041852505835019205,-0.49337451932982224,0.2770400240840476,-0.6025527363952004,0.775039152087085,0.7273153314992007,-0.5644235018897943,-0.774143081367525,0.26581793180348945,-0.3509730247398064,-0.6652792871834279,-0.44779991232310445,-0.7607008159785227
0.578287560389777,-0.9821402882213157,-0.9160132619578092,0.5669504805021197,-0.04945864247669984,0.19242456786322504,-0.25720267339353264,-0.8210401945006511,-0.6846030876052498,-0.817196895391574,0.2372897168758823,0.8616975690372541,0.993946205967071,0.25026466041881346,-0.880449736781155,0.2891497932958369,0.40265628004600584,0.5829324887304255,-0.7483450846695472,-0.5346507382878729,0.9633514219276671,0.577123651573747,0.5133950464027781,0.6110507531731717,-0.12256220380680527,-0.6140694018996831,0.3784999605680843,-0.2836650054991372,-0.7305356524780955,0.7973260885400852,-0.029395733674973723,-0.12499999166988163,-0.41057080711820615,0.39407554999130956,-0.6204483275606971,-0.6267465421017924,-0.30467064196346905,0.4648048202454256,-0.4493510742833937,0.6626991867822398,0.8289480039560921,0.10904062033211304,-0.8622468332776811,-0.6899490438493461,-0.40865467757853047,-0.47330146220913605,-0.2657745859909211,-0.9985603425515011,0.27605212488707487,-0.24191286066684525
-0.6289314198057001,-0.9625602868238896,0.7136585766684291,0.5520331355958776,-0.5224268835679577,0.44200712536784637,0.3165788347596399,0.07791304318680958,-0.2250183196385287,0.048139537620904616,-0.004901680860905477,0.10293561449842903,0.22607848470105352,-0.3547999201744121,0.2818078595701463,-0.7790717319211917,0.046401078386471006,-0.8666403138074688,0.6703867157965828,-0.7404514673555078,0.7469855551611446,-0.5958419426224357,-0.02925942552660943,-0.8024928267029354,0.142024362709398,0.6725990532129826,0.3158425165699368,0.051642725228823405,0.40262804314942513,-0.48812293933204387,-0.26729195981140763,0.21190724846490006,-0.858252078099756,0.8604220736181021,-0.582523813012997,-0.01718899714345179,0.7795346503269329,-0.840086393534256,0.6020398980217683,-0.878599623427897,0.11603977894004336,0.8764877153997213,-0.16809359458049378,-0.261862698283053,0.4168675699576738,0.647285932554801,-0.46836873100666954,-0.9186936954513143,-0.8592237407795118,-0.3921909022638892
0.8892069640144713,0.9211734908742497,-0.8057614996846749,0.4503438656183778,0.0633221028049451,-0.6210791737866486,0.052384043587394125,-0.5024739418919733,0.25065010707830404,-0.6422042167421658,0.4983887159547449,-0.1696307995005195,-0.7889716362016885,0.27724859977608407,-0.2840732682571925,-0.08255881514325125,0.3304847095470873,0.7656480387464522,-0.6663813621929051,-0.6392069227998636,-0.19688565277020964,-0.32497425887686204,-0.683647088201337,0.9968671441065629,-0.1139756600034243,-0.2953518494593357,-0.36969000771520544,0.9829259812362539,-0.3506917827598153,-0.25656097512925746,0.5283687358087423,-0.13882385453350898,0.45173536723033947,0.21682674051407802,0.12628940560856816,-0.5721437279125592,0.5314164392685696,0.8522938451853148,-0.49182174563395176,0.9233035512626688,-0.10500042200350124,-0.20581887662119236,0.45262655667458307,0.9659129423570956,0.19152565324757154,0.03521871768065843,0.9868240191090785,-0.3963166921352026,-0.39933207654365277,-0.5562265930351198
0.7114408510164123,-0.9565972570848009,0.6438798448942289,0.379438367818854,-0.44808572651278866,0.10732630657064135,0.11264617101353691,0.8518449004234645,-0.6905704275624882,-0.9245273998324604,-0.2886884934290186,-0.72318361304718,-0.2658342139478722,0.16431141271974004,-0.5340117028915312,0.6221484735653167,-0.8161897574292547,-0.2004035030444722,0.8357636066889356,0.46853190775515974,0.44716105348903,0.5858083886285599,-0.6541950182873548,0.6514104887697709,0.37919020209979837,0.15246492355339614,0.8153112842941888,0.19046240511916013,-0.3992134923134507,0.4615787239125544,0.15256739231267735,-0.8430452081542923,-0.8881545823533612,0.5418030073402769,-0.3041395860941336,0.6342834000930844,-0.16695657476416126,0.7356621939024406,0.7395730282424398,-0.5465646572756968,0.30555836632070177,0.20460326863308498,-0.977131238074793,0.5548372362880947,-0.23502607562947353,-0.39043321424151434,-0.9176354956728736,0.07985945887733825,-0.7008399616653975,0.004803220894465499
-0.5584056503594297,-0.898960371708345,0.46315714712988276,-0.21423459096192965,-0.10876752804457857,0.1902643825896806,0.009458692224069587,-0.5558287436971714,-0.42043394168662584,-0.21135519224386812,-0.7356219092582439,-0.8349097747228347,0.14288118102125869,-0.9013778038598239,-0.20161740090611624,-0.8298420250635292,0.003646231211589246,0.5476502731125132,-0.7392496502096517,-0.7302584725480901,0.11859235462708062,-0.024277800391334425,0.3044968779583377,-0.6078013992135585,0.23199367518840375,0.4713355082906452,-0.5075083189857739,-0.8567120393178302,0.5535437975833672,-0.3531767176875775,0.8482761617901657,-0.8208107037465295,0.3434951068994707,-0.15291879526871988,-0.30338428630695136,-0.3585232742946609,0.18775429808214095,-0.9515863393294619,-0.3903623049072138,0.9753038339274585,0.2324419889090068,0.9803183645426634,-0.11557978953149695,-0.7083630496194449,-0.9102448981372535,0.6363438402636288,-0.6006295727884885,-0.2523584193588613,0.5154675651861242,0.7055282903584008
-0.7752565184297915,-0.8909239732764915,0.8978818300515776,0.8534593902182142,0.7375047032899371,0.6402679128599924,-0.9725334146131372,0.38759045011223514,-0.7774440153670603,-0.09987685872330809,-0.954503769697596,-0.5819809177515958,0.07601091581397212,-0.5923972942467897,0.046531762933062604,-0.48268399314880295,-0.03394733931061644,0.4598471670195776,-0.7173051581521164,0.3975104640165057,-0.9632229748873911,0.16600988665283145,0.32705668399928634,-0.9130359850010821,-0.6593607059104734,-0.4319729179040186,0.5783769890148442,0.2359295527827956,-0.8938295026874421,0.30951574363077405,-0.9833316495031448,-0.22270970552604163,-0.457379241839325,0.7041658895145173,0.32020074665872955,0.7285645471199069,-0.9618433521316117,0.7348208857089624,0.2988222895044568,-0.537662759724366,-0.23859759407430414,0.9532238797797083,-0.8007925763149253,-0.36908806138244055,0.7335454910562396,0.06312129032642644,-0.627165225164962,0.0013016457377577062,-0.08402747570443858,0.852699946052867
-0.9570230835713089,-0.5052157205004975,0.05883072771023978,-0.3328607307384486,-0.21320036434545053,-0.6859894988183346,-0.3064401941849091,-0.296173835465638,0.25046194050202075,-0.5275904685855746,0.9564885344890925,0.0025029223543147072,0.623785720199491,0.25158472743152616,0.7573545483823207,0.780804172157523,0.629717275356674,-0.9410682030895845,0.10987870319361104,-0.43961231074358986,-0.6965836384626307,0.7943506299383429,0.3138635178992253,-0.8244099657253972,-0.2355857562911834,0.9212113868891432,0.22489678670021096,0.2510492009896532,-0.545144045094649,-0.5192783836588479,-0.6945016916622968,0.9410743461904341,0.8194707871283424,-0.341430523258907,0.08446750241178469,-0.5864854506779813,-0.7228469464029268,0.08270765370202993,0.6002101183281872,0.7251753231601363,-0.38200320767563456,0.41027277557020136,0.047610967003743454,-0.7294950123121695,0.9913716004640174,0.9515538181371985,-0.7096952102149763,0.8660598928458136,0.8342242413468348,-0.36500757831612174
0.11468059618713755,0.897203128329523,-0.7632254185656426,-0.3648048216175661,0.7592762432325306,0.45415906652038296,0.5308700251383698,0.760263800217152,-0.17191968916064226,-0.17749647344130137,-0.11399102590069599,0.8675370487823859,0.7882601862676053,0.8665000608316005,-0.45240767073695287,0.5582157699455856,-0.7864571343131979,-0.6305070068508654,0.5248949674659309,0.2239631953380481,-0.4662747739910409,0.13408618587794918,-0.538177302533974,-0.5356349314613287,0.3747557703567219,-0.28147733093089733,0.37628256946543215,-0.0467955599116292,0.004649174900922537,0.20942351920550295,0.42403825595332,-0.25208119773899806,0.7042588649311703,-0.017108805867330545,-0.7249745553167706,-0.6134803410429797,-0.9355408935459084,0.5290777082564693,-0.969971479096486,-0.46028259470763744,-0.17391195561656048,0.4847333233257991,0.9764868349259133,0.5155531794512584,-0.8677273515302213,0.8542064123555877,0.9712552791727362,0.7342580052772067,-0.02011420297827282,-0.3502087463919088
-0.0849101411165758,-0.5064323182768273,-0.19026646351494314,-0.9163474498997637,0.4706635597993212,-0.23925166248975827,-0.37420501717700505,0.22300974934010398,0.4849357094158895,0.1876116027855781,0.05046106340577916,0.7515659437196336,0.5738397246377462,0.04129818244749739,-0.09678081487267587,0.6540202033186997,-0.9151681679818044,0.9916727430480963,0.037405305175023384,-0.20877760672821655,0.47034016310053484,0.1154018996268189,0.032253366189596955,0.2612971061854408,-0.9014091016374479,-0.4176412755317409,-0.20392021709088137,-0.3908917043555229,0.6552420152115015,-0.07730567207207395,-0.15507563509911715,0.22626855848778504,-0.8909066663689471,0.03393930053227612,-0.7155207624498168,0.6597870088532791,-0.09660382434068926,0.4452935829856661,-0.77365682751281,0.5574622837520795,0.8756849153984787,0.39222828367959117,-0.7293866516192749,-0.17288138980476675,-0.09822829030585134,-0.6422428421127688,0.180630950579308,0.42526878261260537,-0.5961359905816848,-0.09063358470529836
-0.4998354118455235,0.3834348566618029,0.8143249260108134,0.5929724449514451,0.4367494394371261,-0.752911566329133,-0.7716701223518445,-0.1012031639505564,-0.2741132216854909,0.04763461213229769,-0.23182525147685662,0.5821331884740504,0.023332902969010583,0.8995077782854388,-0.24264273717484053,-0.23878598147770647,0.5365206475687767,0.8245055576442648,0.13098315702833818,0.3190606812040877,-0.6998205309789765,0.7376370749564076,-0.6422664706534627,0.42409497575924515,-0.16083661752846545,-0.38096338912603644,0.5372608447218852,-0.10748353170185498,0.2529056993230585,-0.7648920431950403,-0.7368579363758285,-0.5942965894411074,0.24512065597468324,-0.4937780497639215,-0.08271468434292673,0.7108221128380632,0.08700231920860046,-0.9884989022018922,0.7654058410743891,-0.5242432919610465,0.1777246543686184,-0.04857602039369224,-0.1796972685772873,-0.8411901652631677,0.20020420859117838,-0.5105736571227333,0.09468321916629274,0.2395320777391705,0.11509729653777745,0.6505050094073652
-0.9021624001139406,-0.7034876636406193,0.30655375643104055,-0.9265578963551759,0.7076585744683754,0.33399308589238985,0.6760288715852121,-0.4031169067157645,0.8407693965390723,-0.9019372745024019,-0.16608615228928358,-0.6435032164851544,0.3441809905228099,0.22217951209730802,0.3830272361613334,0.18993797260943923,0.5746151590671718,-0.645161465312641,-0.08932434395946864,0.15793258488459339,0.8629596387720113,-0.8137474243564609,-0.4014110368069732,-0.2628611490498518,-0.2421212968190798,-0.8646666443580093,-0.14535232121781072,0.10094216562697089,-0.4143345732865209,-0.7309084218438979,0.389238876989602,-0.45116291449653323,0.054105466809241554,0.0492924185074175,0.39165899469034327,0.2241074898568478,-0.7813955311273475,0.459457039525359,0.25795719815711093,0.9743785275171657,-0.03267403358110599,0.3773085565086902,0.8677833495763665,0.9725568846882229,-0.425625392391479,0.21768921386894524,-0.3670228830030555,0.050782450663189316,0.9900486711151024,-0.29229331125161995
