0.2788535969157675,-0.9499784895546661,-0.4499413632617615,-0.5535785237023545,0.4729424283280248,0.3533989748458226,0.7843591354096908,-0.8261223347411677,-0.15615636062945915,-0.9404055611238593,-0.5627240503927933,0.010710576206724776,-0.9469280606322728,-0.602324698626703,0.2997688755590464,0.08988296120643335,-0.5591187559186066,0.17853136775181744,0.6188609133556533,-0.987002480643878,0.6116385036656158,0.3962787899764537,-0.31949896696401625,-0.6890410003764369,0.9144261444135624,-0.32681090977474647,-0.8145083132397042,-0.806567246333072,0.6949887326949196,0.20745206273378214,0.6142565465487604,0.45946357338763577,0.07245618290940148,0.9462315279587412,-0.24293124558329304,0.104081262546454,0.6588093285059897,0.2370395047284921,0.7234138006215545,0.15470429051352408,0.40914367242984695,-0.9083512326886756,-0.5442034486969063,-0.42122407279578566,-0.840416046152745,-0.5344182272779396,-0.7979971411805418,-0.44405279377981577,0.27136888852880037,-0.2703356420598315
-0.2596380657662347,-0.5809859384570246,-0.4660443559017733,0.873309175424988,0.2960707704931871,0.21826201133397638,-0.657722703603806,0.45825359590069836,-0.6731950124761432,-0.24108911648470444,0.9790467012731905,0.2799995197081857,0.11389948754929247,0.3692285019797492,0.6857038403796192,0.5519998230924896,-0.5419038560717913,-0.9357995121919245,-0.36909390388183616,-0.46451824804859454,-0.5780343128273471,0.8858194286701089,0.7527352529453377,-0.37064423840304417,0.3108773305897601,-0.20873619787867148,0.829095179481087,-0.0822962948252024,-0.4702396670038951,-0.5067449846120331,0.12273626832630158,-0.47451678295412947,0.16917198044708104,0.795645767204954,-0.20119898971920547,-0.5613584816854333,0.9950752129902205,0.01905258735292903,-0.8181811756524122,-0.9057672491505309,-0.7807017392986817,0.2548920834061801,0.5841587287259282,-0.15568006640063192,-0.8729445876960857,-0.23676142698692648,0.9922427604801936,0.058228690198274036,0.9421567552272363,0.7215594044689961
-0.9770379561143607,0.4414436387203893,0.36342073805314956,0.07394066081759032,-0.46634962009491443,0.2819235971596161,-0.7768956528082471,-0.13046949866179003,-0.09255258734158711,0.9076318550421603,0.7517058807563881,-0.4732218984978185,0.0011722261005966406,-0.6426962389397373,0.825255678689641,0.7410371396735338,-0.4031104171027342,0.2778989897320103,0.21794042287634463,-0.6943214629007304,0.5250216001503025,0.07875806023925147,0.5572529572611165,0.06070734439035497,-0.998856207744113,-0.3516878859906538,-0.9610465152283354,0.8581972325292342,0.7574437556463685,0.6633310587223589,-0.38497174919467714,-0.8841496670116249,0.7560191984080811,0.8938988905959881,-0.8286930958642424,-0.02801907336677245,-0.8615749630632328,0.5212043305144631,0.5316688586139755,-0.7432170710004744,-0.04943524380253739,0.0996071869898878,-0.4698867421198818,0.7448660821705149,-0.15372411959822618,-0.5764035891158359,0.07859217755891668,0.45986213817995236,-0.5976978732206082,-0.3765674173982101
0.9902987133217893,0.299756115278907,-0.12379983217099189,0.035151682071181245,-0.7579916082634686,-0.5506053259368853,-0.32382887570508934,0.17661743691446663,-0.539770534806846,-0.559565231096881,-0.8580138279819349,0.2622059145401978,-0.5421164323776912,0.8108400260122559,0.719270800507493,-0.8582853002226931,-0.5239907312620096,0.33795555659256116,-0.5715263852591228,-0.73537630254995,0.871028481161342,0.14208618665056894,-0.05465794737641172,0.5692388485815068,0.6149939955332868,-0.6191801712762446,-0.8061383715423533,-0.13789763518724496,-0.15284275396015845,-0.06595066392665005,0.4581516989197012,0.34672909458660306,0.9683304227319323,-0.8031642576960822,-0.19475743579546245,-0.3213947892100737,0.7233450727055821,-0.5026873321594287,-0.619582183118377,-0.1027729043337362,-0.15623672033119163,-0.44290971066611906,-0.500387104235799,0.8465311985520256,-0.11373850989308609,0.7226982095236612,0.10065062489969612,-0.8988233409502375,0.9985649368254532,0.6720551701599038
0.9379925145695025,0.8527339660162552,0.6973914688286109,-0.667377778792172,-0.02871774909856306,-0.5725054016016367,-0.19791941490109477,-0.8827292000556421,-0.2420537620461678,0.9706176875594519,-0.4695938836556961,0.5681412038971387,-0.08998326532171341,-0.15398502801967417,0.9146352817193464,0.9908453789854277,0.11153664681123643,0.436816550592652,-0.6904063494518717,-0.4065843490108716,0.9374187299383177,0.15836058163251243,0.08439040274854848,0.4959511207581282,-0.8856694541850338,0.16835518891794243,0.005700765839027122,0.7054397840965707,-0.6851345441210335,0.9215578065489007,-0.8397770695188262,-0.6283500780385536,0.19007021290005532,0.3504251072081803,-0.5295922099981376,-0.7602267721057516,0.780574628258875,-0.5075693044227503,0.1890383070668824,0.23876302066420618,-0.16155016932825506,0.16734457858244944,0.04556543106391775,0.8694125154728545,-0.5914816011529271,0.4323836015788296,-0.522628094768308,-0.208428306417491,0.34338044591994255,-0.40000584040247555
-0.36764560745629193,0.5037289848288042,-0.8549137710136854,-0.08342895476282775,0.9969088817088847,0.9921928957101889,-0.853478557800734,-0.5736913754659192,-0.4695991704991973,0.8665187559874181,0.7617283473728791,0.7585404849690855,-0.2609458225222321,-0.6845063352855361,0.667489909279614,0.4070798501747419,0.22335553145190024,0.9744661272630086,0.3079526354214652,-0.9843537856956841,0.6342082702309233,-0.4012424956000442,0.32677742993215464,0.8778600078542078,-0.7314177712132646,-0.7691426591617956,-0.7859280445811647,0.10644728176963181,-0.45530357537036736,0.20965965406044784,0.43522437427759586,-0.5928053753450941,0.26847591777015944,-0.4720321967391812,-0.02293629570124689,0.8106729821586465,0.6922074265897109,-0.8154030645745332,-0.15284845487254728,-0.44663955205549666,-0.9929086218244354,0.5422384460392542,0.27422675460275925,-0.4760894751313036,0.48246181669586163,0.10336084225278253,-0.14462616203864131,-0.9806606007833201,-0.8495122798524659,0.7662127866002859
0.8078571431197863,0.09118057841104465,0.6691900397720334,0.16501913297958803,-0.7038124288650347,-0.7451089614357225,-0.38348330013973264,0.79796297748518,0.5922446097760834,0.7214051640018055,0.7978492730529492,-0.5798469233204919,-0.5009405215541511,-0.7944127566564287,0.5602324837428854,0.7682694029020178,-0.1872452203357664,0.2413230203014256,-0.6908933233355907,0.8597620313873489,0.7292113924399279,0.9524120658619257,0.6215434398807937,0.7628324093266488,-0.9504272762036226,0.4731289435101642,-0.33562906410714266,0.8616317720966511,0.6044702778742779,0.7281280567505588,0.621498633148778,-0.46638858081105594,0.5747490182709423,-0.7838087471940858,0.7443335658121795,0.7171865026755633,-0.5551325649086711,0.6331732111938579,-0.07939353064211585,-0.38961826532279886,0.5906909983057236,-0.5448090251844593,-0.952671130597097,-0.6137404233445827,-0.34347609760458697,0.7287058840605727,0.9337782080967223,-0.4417500145562572,0.2829634772152554,-0.20064323127987826
0.9622993743965202,0.07243146495744379,0.8784742806494314,-0.7693164962971448,0.9408012220444559,-0.6428643676550727,0.9250686315231109,-0.46906727495406275,-0.7831949055705778,-0.1308724828707113,0.4570901213054086,-0.37264537161001754,0.21241770661228654,0.022846119338956195,-0.22960913331054567,0.15317608699319907,-0.4905549877228361,0.4175705676683412,-0.9966174435627411,0.8511503309981654,0.0769039941855838,0.438859998289691,0.48390015567895306,0.34125700886599897,-0.27155705643747163,-0.8600523777473796,0.32847536982254466,-0.3395999279148072,-0.37216870988328066,0.696030559012671,0.43950852602790036,-0.39935546357747165,-0.3814306755826935,-0.1832141827615663,-0.19519922588455074,-0.40868959494810597,-0.7454244018816936,-0.1591073324541834,0.880727341460366,0.35463589054546585,0.8056110914651653,0.23102983190276105,-0.39810025086886935,0.09587442627139642,-0.999188120605425,-0.4261725662621456,-0.1402237000203308,0.15996956239136395,0.30941124740614323,-0.07002361950597158
-0.11568040139038516,-0.5725971980217994,-0.053627628181347475,0.8023616516565084,0.5920495202535605,-0.6606172076038905,-0.8304089265497565,0.030904019830432894,0.26588171153159146,-0.3296234891803982,0.6368469290733285,0.5022762750814644,0.3455913411143341,-0.5507186680054235,-0.6017401345468467,-0.9511492245463473,-0.5103149118432997,-0.04972731156238974,0.6994753892494638,-0.8543435416308618,-0.1711179780045613,0.2595307614754274,-0.6111295265205814,0.39270850098100984,-0.011245661979126131,-0.5120311208431223,0.31211602222356816,-0.9889103637239365,0.5019289532369458,0.5400923771480501,-0.7868254068729221,-0.14970761211453176,-0.6482266365869367,0.9159320845590795,0.03591550088748163,-0.8995632297187182,-0.5016034406800567,0.6966726947033195,-0.08707634905965489,0.602833203444529,0.3351554651727062,0.975784906132896,0.1909046369388394,0.9000792168863119,0.782851851620874,0.2253046455235257,0.4385479225519342,0.00955632964880393,0.6611383394428301,0.09574390122165677
0.7944162064665243,0.4873108843191698,-0.05065112635389335,-0.4816169030699613,-0.5055205249806809,0.27532287355231255,0.5316273685943309,0.0425996256559642,0.2534968739635626,-0.4508051061649234,-0.8450332922705284,-0.428543698273695,-0.4565697858356308,-0.3605808631624754,0.08030444503691281,-0.7232518769676886,-0.5374770405436264,0.38789962459810456,0.41283828338910444,-0.8715422985722439,-0.18480126066682656,0.08522228100783069,-0.1684515317936881,-0.5863312209711795,-0.15971296445314875,0.8096769566803539,0.1681588284084503,0.39104597299593613,0.7134640646078685,0.5311891522361389,-0.23923794214457672,-0.9882078328320139,-0.2964823946563506,0.5069502501187717,0.7068959011382092,0.9068606769402126,-0.1619574347403563,0.49503133795610155,0.09226461946767817,0.20650517788248268,-0.5589226113523622,-0.5611567307571277,-0.1283280479067268,-0.9419503601065695,-0.3277409126032351,0.3582837700566994,-0.19136666172472583,-0.6699105375929824,-0.0652197015353797,-0.7447444054376786
0.24451392194812938,-0.9460670961897246,-0.21195948732059056,0.12878396604954823,-0.9457959073193751,0.2854992960186715,-0.7286010255388715,-0.07660311189697655,-0.8994307330227449,-0.24179227162372086,-0.5766794315770369,-0.3463083902373829,0.5224594157880542,-0.24174756887172744,0.5040196471095697,0.6638485703105452,-0.4954569364352388,-0.8361875344767149,-0.9612334258999786,0.0788380958450674,0.9998156570184185,-0.30007931255963216,0.30028818649975,0.5624660992217898,0.30350931048777885,0.5084664081190524,0.8992234654319777,-0.6012786352749342,-0.9592399653593353,-0.6952353084304193,-0.7475580502515875,0.33891768923982135,0.12793916386003823,-0.5640709181869927,0.3989299424923016,0.5337961967124816,-0.6644217132643955,0.21449498778186338,0.49585130391057164,-0.7709342572422047,0.6386023486221701,0.9294415460681753,-0.7838025006847869,-0.948643149005068,-0.3760855112106096,0.3546945737008176,0.9163456764117919,-0.20669111696674536,0.4300294100989368,-0.8480070443138801
0.3812288318659607,0.2544847912020889,-0.7961973891080469,0.544961769902448,0.7005864781775926,0.20082322963368826,-0.7578898698653698,0.9676887030293426,0.5652706927220392,-0.30559246938310203,-0.1432439735305111,-0.25885824756388764,0.011921579354155831,-0.31753765027743364,0.6991512539991547,0.6446618361801162,-0.7889222587120028,0.9215751344291572,0.27117021220289184,0.6574146220049164,0.41461728741215387,-0.1290257099846459,0.46759060802678376,0.9309474624761553,-0.45983520722519833,0.6163984376135119,0.07634581289651154,-0.033004992233607755,-0.12885101399221144,0.46205242861024454,-0.46320892390154933,0.7034263200386637,0.6614620377812068,-0.8266742038886512,0.7632623680055439,-0.512273121618088,-0.07058306679353654,0.22066340846104127,-0.24202139174347193,-0.9426000044598208,0.7019056726249182,-0.6363202856846164,-0.575760299640522,0.595664713656193,-0.3193223136714327,0.7606399595164508,0.4023675006644032,-0.4474628484876302,-0.9796977711226458,0.8961251555540624
-0.8287740760839575,0.4401493282083886,-0.022844306302425288,0.5163293069649328,0.38121867889304606,0.29180579948190455,-0.018357329842827674,0.5858657362646349,-0.8138932988906566,-0.5568071990549397,0.3835743105904037,-0.3875879397398232,0.16311117066473435,-0.05347902248095049,0.0618438622915356,-0.1489923745895705,0.49187087342721925,-0.3384174056081397,0.4057098843715379,-0.45816714604760733,-0.497192647598117,-0.7586882304953884,-0.6148314130969652,-0.7608905174898943,0.07172793076749961,0.5243792189682059,-0.6297003151246761,-0.5672307202427886,-0.031602825574582605,0.44917000218610315,0.9532140457661136,0.0492737382172157,-0.43400259345008996,-0.7989477838184185,-0.6117648438178531,-0.5450336730348906,-0.6411169126291933,-0.9717032654878723,0.06827017853532658,-0.4513773464334654,0.9485898622054758,0.1067179335972166,0.3948347858203889,-0.7474410140831822,0.736922394525888,-0.018242610952442284,0.7454394699970692,0.1481284392526645,-0.061206110138979586,-0.1190624037279795
-0.6312726592198366,-0.8972465656328443,0.8821271935362065,-0.04454162546862461,0.6442312905988608,-0.19858511549612046,-0.8518356594887204,0.2588914139039966,-0.8927818514149337,-0.7016048310526897,0.12567919416912843,-0.39232897631554464,0.9878362454204404,-0.7630968755770768,0.5288868906523885,0.21263530248592555,0.5814816596868388,-0.5486257258699307,0.04514507026043568,-0.09897107022249152,-0.11455799196134331,0.7203333316523601,0.9800625209335958,-0.3892395113612792,0.24205464214429706,0.21926182449026066,0.48017861096909,0.895180400650756,-0.5844241883528973,-0.577949609389214,0.32085627438407327,-0.6858858132382457,-0.652372903347131,-0.8498702621976642,-0.9946485547942285,-0.09899259076459521,0.18762239023912652,-0.4174814219379448,-0.5370475308879483,0.41391165975806654,0.4059751161874343,-0.09193734718591351,0.3747698401424855,0.8478220889650974,0.5756560532934627,0.25011601432844377,0.32236608570673564,0.8673369168910265,-0.1497220677915767,0.08912475742115733
0.2952694468049615,0.8168228904252122,0.6532623193001192,-0.8571803262883717,-0.6681544215585506,-0.3847763747715349,0.4979154441392466,0.13841409863818477,-0.4227788233883165,-0.7512926836505835,0.37735598242418744,0.3994673699514346,0.8853524814880815,0.0009443542358511525,-0.012409561309831396,-0.839116296201398,-0.9202784316327739,-0.13594267167845486,-0.35535683328340006,-0.4992641951759922,-0.8173462267380296,0.9238222043856734,0.6719172278123626,0.1503982184398609,0.9015725556127048,0.9991448337549027,0.3445631686064785,-0.4609779480658922,-0.9195366537107676,0.5125376608251142,-0.05899835349673288,0.3030189788673727,0.832145575853535,-0.6370217055537482,0.17065925055570874,0.26956943890817375,-0.016548395617973277,-0.8175151874123456,-0.3040778874106991,-0.33338321266981596,0.3402670190423709,0.7154661888007052,-0.3403926728420692,0.387347347966865,-0.4235644092770885,0.8903870791264212,0.6271320694759452,0.10019321794356584,-0.09034818279654111,-0.37096568565966415
-0.35345242744801064,0.9403694536171543,-0.19164988599850874,0.029192504658210217,0.9762384295635083,0.31532077296625793,0.08518718871439002,-0.173504858401357,-0.6248349172109458,-0.2764412816966495,0.5128863081111474,0.25081748429001793,0.5199810721220339,-0.5928835232994523,0.09843927817066334,0.8553455216888954,-0.1237678098552435,0.39650005824434453,-0.7571478332747603,0.9462936316433888,0.21774333416392988,-0.5214050753446993,-0.6832436723895352,0.10167801400533993,0.10450281810746609,-0.8135815974369549,0.9845142787904393,0.8258597569683359,-0.0771042116424332,-0.7650677018208849,0.6642863475378025,-0.003248990585609457,0.4332066519835822,0.01774403013902348,-0.4531502065734516,0.6694478911533888,0.9604892652067509,-0.5125381878497233,0.10253015376093932,-0.23282797350570017,0.8437362998631237,0.016481783185787968,0.7586525102929522,0.7280538688571763,-0.44750519435591807,0.5800123640062269,-0.17011515289730972,0.8684967873650402,0.015475351619312905,0.6410989463711567
-0.4343220334343467,-0.4028883004564656,0.17387544482832218,0.9978046664586775,-0.020719306688598005,-0.7028091632344218,0.07716115540774737,-0.30975211661398494,0.10383483414162198,0.08686012591734604,-0.08931076626699785,-0.35644529954192516,-0.6226952525857892,0.3949968552411427,0.14359528396980226,-0.5328751078842138,0.5510889501985177,-0.9127054018053962,0.4894103031303918,0.4104557620500051,0.6228178051297537,-0.22784249501803533,0.32737765896906934,0.6414951034191101,0.9616362773195701,-0.009342700767152934,-0.9259607773088476,0.00458230026593176,0.1803608586191341,0.7394006267244309,0.7483807481086167,-0.11938758045864573,0.05190217361512284,-0.08614385105151556,0.44488765514128525,-0.1800427605072712,0.3095626528554676,-0.6912775624569023,-0.061018798030536114,0.9384072611484344,-0.32287753189713664,0.3854091971737641,0.2996733051585452,0.7035305847013829,0.7046826731317861,0.7186843683365332,-0.2399812049546899,-0.36667769213320067,0.437434850445966,0.5188036186687273
0.7447660347970726,-0.9282018003246268,-0.8631585056368971,0.2623220337092811,0.8418581975605934,0.9948518459124307,0.4935327334758539,-0.13205705615374863,-0.8031137472336041,0.26749565756158256,0.7451584652141814,-0.11264289667658844,0.3880023255864691,0.806848124100972,-0.9080180626455745,0.5922869303244236,-0.4132644480695824,-0.25031782044937034,-0.7088604086012031,0.06233263629752006,0.13185612383187362,0.5850389477619065,-0.6600327018638052,-0.8420632986800107,0.7416791972897097,0.2394207370748307,-0.5183404162873739,0.8256580320471096,-0.7137645597429807,-0.07770017329000489,-0.49204532117291544,-0.4893465836816919,-0.9812051370902579,0.6092661539502926,0.802418847197766,0.3552217713981589,-0.6840487558564261,-0.11654043279237114,-0.3088687511138366,0.17514341025284286,0.2778774047200243,-0.15138212307820464,-0.4998035511845975,0.6906078502851973,-0.6015660017822153,-0.23061350206530906,-0.0335838778815678,-0.5255885961448508,0.14384538470147779,0.14962386035729014
0.9853840872537951,-0.4095384922334613,0.9558889691537253,0.31645963185736137,-0.45103923964354453,0.13185803391139794,0.37159898546802417,0.48933768233065034,-0.9019114984480001,0.21281298615294908,-0.006545426952259348,0.8083105817874507,-0.42761169708161106,0.5977202390151974,0.2141299963285319,-0.29535808832936694,0.27323575601178374,0.24178232626060825,0.35552891724671887,0.44185675334141794,0.3183630806335074,0.6766742339250331,0.25649620737379664,0.8068074081459358,0.2926812177810456,-0.38213423209472785,-0.11835361967437685,0.1591476107368055,0.4647195358784766,-0.8197332485075621,-0.40977909674168944,0.49496172987674303,-0.6487198591113867,-0.7356804045064329,0.07881551796884212,0.9429791624226798,0.06170474740557008,0.8269739489633938,0.6609452391347947,-0.4860598308734754,0.6493796250848145,-0.03630434025251761,0.612976987587533,0.4931187014340901,-0.32256949239622745,-0.7696605851004812,0.9257865857377552,-0.7184859699882347,0.9330004189255041,0.7202811937976437
0.4484334241510364,0.9598844855638069,0.9345394946000647,0.6091752880411239,-0.26844990118886725,0.5813639371778749,-0.9721626897981976,0.07314461653811821,-0.09042794453225067,0.3456567637475072,0.3446815947020263,0.1691201833043321,0.6448346024535485,0.8805837835591084,-0.7833077956015386,-0.5323561955768337,-0.9499507007070354,0.7684696904297044,0.1228147644997577,0.8305118174863189,-0.55726559985202,-0.8735659176796091,0.6477107027808953,0.8187752768557841,-0.39561965094149953,-0.18340828840917456,-0.7204459749855578,0.8925230657638925,-0.39127083128798956,-0.014750762043588272,-0.8056160027563568,0.7745186170570046,-0.728671902587327,-0.09271248622221484,0.34097243770034247,0.4862802430463431,0.8919481715588642,-0.16174649317055434,0.48453802953063163,-0.69095419518033,-0.17023094512638615,-0.801956730578943,-0.02130592442077095,-0.18376822860459896,0.903043050762119,-0.9345674262899062,-0.2589400825311292,-0.1132338278785967,0.9011103397028539,0.7109003866119092
-0.8012907507877394,0.3713605309625707,0.08893172296428986,0.9556850589040935,-0.28265231757536413,-0.20372071451125384,-0.6203828756778409,-0.7556805618254725,0.6960663769273621,-0.09056526285896571,0.325537476123956,0.2834089344664352,0.19429191903909016,-0.9572850905272587,0.5735891809092335,-0.5128622056719527,-0.7481522293839142,0.12915595181592665,-0.8627796943512882,0.5303147517771689,-0.585685259306683,-0.5680972961626505,0.7393908535390894,-0.34288089313553916,-0.7048916401171126,0.8010620712635164,-0.9943288970399673,0.7168122527603527,-0.710624039358984,-0.7400157371131264,-0.49869160654375233,-0.6510057581972131,0.3221152851946336,-0.9484397004276033,-0.9702793455385823,0.5799693284695078,-0.5241367878190739,-0.3524570760759551,-0.6515075971876456,-0.895201964277647,0.483436113908299,0.05217105319573423,0.4913305500679914,-0.04750806915349948,0.5560340786284055,0.026475915218383328,-0.781891979992309,0.007677379571642717,0.8908312859402125,-0.9132699262016566
0.5664539919607592,0.7339618155196765,0.042902429426168176,-0.08391495580463593,0.9280523662440574,-0.8783491850109884,-0.04203617800327342,-0.19676549097487905,0.3721949921244654,-0.01946229171154945,0.8194016582304586,-0.853018568467099,-0.8384190451784161,0.21659484726687994,-0.8686355333597722,-0.4499680008840936,0.26615344860203094,0.09671286809672108,-0.3496291133626641,0.9892555117218471,0.06111367486264907,-0.09256916484905675,0.21085358307062574,-0.801643076641916,0.40355883709213236,0.7055854745911501,0.3018333297626108,0.5379254602094772,0.44167983331519833,-0.5699538673450062,-0.09689016806943695,-0.5430128512708312,-0.3221367623296496,-0.09300219418510536,-0.16802069947700948,-0.8098283214487383,-0.146471987478084,0.3302157261206178,-0.2513979531289263,-0.6947221504625525,0.8459700714687688,-0.8657333837267045,0.663543776949709,-0.8135397965926452,-0.8068711348684288,0.4775919969774314,0.6235385705547847,0.11274147123070022,0.1729301654789539,0.12317282798414486
-0.3407080371675899,-0.7555374292908814,-0.2928038407324647,0.3306810400058309,0.5005685005029565,0.7361842977381299,0.44212135749229886,0.9367972506229489,0.20082018244935407,-0.29670762861370203,0.15583703677970973,-0.5745223886559878,0.3134726059763042,-0.5515102617848688,-0.7835632361454667,0.6907468372026901,-0.2648778987692997,0.5252112638736994,0.14820000866292538,0.6144427423046888,0.6903103226567162,0.9490932042514164,0.6368537190813393,0.22714656107092956,0.2853983276596628,-0.9474923370928332,0.8581685819898728,0.658921579919326,-0.4651045496917787,-0.6391678560782912,0.40539754573120934,-0.3820306223401797,-0.32035068644548326,-0.9877884211926826,0.7397254130728763,0.13264218952275253,-0.19843131200096886,-0.7162506916974627,0.26634402531102763,-0.9386858032381882,0.49222352401141345,-0.5697342399329781,-0.1603350124709937,-0.31820803646133444,-0.2598938150459922,0.4431919354853464,0.553671239933482,0.1351871132287945,-0.8300859200456414,-0.8947823471489564
-0.6851802057856937,0.23567636385206114,0.34793742122622606,-0.4557943129075621,0.32387738561652246,-0.028676590218007503,-0.11591162660444176,-0.4536663112704611,0.5098862873367414,-0.7723649837795965,-0.1401727332042193,-0.4335070598391013,0.35697250952026605,-0.02673449327149835,0.33426511747269916,-0.909165274791145,-0.2094732078247421,0.19864991388890085,-0.9846258282002343,-0.39716127596312645,-0.5775320415593754,-0.725530389485346,-0.4889609919570814,-0.34375528812431777,-0.9845401868613761,0.4940282468595356,-0.6486103962483154,-0.23958510856952753,0.40734252676532723,0.000524693112426311,0.6667084048397565,0.6124003731335277,-0.8558490068156843,0.7235287240451771,-0.9153954768744172,-0.9625169268287086,0.8423248690048248,0.7242200272241328,0.15151832147366218,0.14679936177168607,0.41899792313786843,-0.16461208031303887,-0.7696532546724035,-0.9582868819505024,-0.3504636411089723,0.6026443086209043,0.23625052660848045,0.6640518261434143,0.8395395034827693,-0.8237402374042306
0.6889687196293939,-0.5133670503545327,0.17774257660582382,0.04792508600126322,-0.20846660628133407,-0.37945087632827734,-0.3209734377030722,-0.3338627550137361,-0.6637345839086268,0.020966569084296616,-0.7719467203228949,0.019904124645943932,0.8118454631601009,-0.3012494690552394,0.4547582113478086,0.6378972030497039,0.6300740115000283,-0.5274623021065514,-0.7071115634446112,-0.6054563943520335,0.20479797054633164,0.5204305910937841,0.3110180210374782,-0.6457077421055417,0.5456961784951204,-0.011765949965222733,0.5088916504939716,0.5197542992154969,-0.10218948600987399,0.8483085167713187,0.12898356680559853,0.27059663812118684,0.2490435588837896,0.7284937496628323,0.2544348137995436,-0.6980851972138462,-0.8634274830084878,-0.11558387232743028,-0.3943591297219742,-0.45065266502768164,-0.8876557595738439,0.014673770579556322,-0.37918429878737814,-0.09617227259863559,-0.8862198983320952,0.6633932633262429,-0.84653799765309,0.7285000678504783,0.7105867429121806,0.23001677683114718
0.014135634667910235,-0.07457668214545543,0.10863274267660783,0.583635594530717,0.7917535311136052,-0.10053259269818748,0.6196318353959422,0.30367490929721974,-0.3569464742391433,-0.04874194411386101,-0.6982778466087229,-0.8762525997977986,-0.7929962454592168,0.7982536679115471,-0.31312444832346475,0.4286310983349253,0.009098003001914767,-0.6548821771272701,-0.5045125528034315,-0.12448345138153405,-0.1211564164747514,0.04549607053109117,-0.6825075840369172,-0.25429603579734583,-0.43421284277116423,-0.18246120550535938,-0.3232657063171609,0.19577172476597893,0.5784538631273295,0.2946107139386138,-0.8681762914405651,-0.8109881049698113,0.356758689680162,-0.43170605224377256,0.44746731000492357,0.31312817282095584,0.8126853943273544,0.7465593241210777,-0.3332759278788868,0.1654790291728392,-0.7171432388313643,-0.30035842492831155,0.9353930153854892,0.3969599256237619,-0.21608403132927934,0.19008245630314957,0.8760043991315216,-0.38083622516807814,-0.24664138788739964,0.5833239157270871
0.6263695676296019,0.340232799989445,0.657917945788929,0.47754934425896556,0.3708288805551525,0.05278667946834803,0.29204964146697576,-0.15318726735579258,-0.2763438073064308,-0.27480466203591125,-0.6394741542463107,-0.5716146775821993,0.8953365350686937,-0.02745815825454545,-0.5469139069322255,-0.7248692936458414,-0.8456698313982474,0.6888567773717666,-0.7977184726642117,0.541749440726202,0.670239653269112,0.7673643309851232,-0.9245050152848775,-0.3264712560714369,0.5326152088944831,-0.737901917140984,-0.24656025835495066,-0.675505575823099,0.662690113378251,0.5421956274619768,0.6180874392786022,-0.6689216685118826,-0.12465318972330652,-0.17828277700693307,0.3527258443770658,-0.5249395971061499,-0.1116025803894487,-0.4301441348732835,0.4970730361908726,-0.10214407393331926,0.06802229939652227,-0.3810642068744208,0.6172477421815727,-0.061968789935494595,0.6702267854514148,-0.26431808354993436,0.8942603404882459,0.9688795870631546,-0.07664004311802164,-0.43645653459244915
-0.23625513161857903,0.05491957692296534,0.9325363064118946,0.6337824791624802,0.6025184483030952,-0.7232029307931376,-0.49999357682198586,0.2823580724088943,0.748233890104474,0.10908149084886243,-0.7948205365031813,0.691784553466877,0.7023320961695576,-0.42987397188134313,0.5262336605833817,-0.45441740081728677,0.8106124179564824,-0.7053026880167914,-0.12505487961003836,0.8928265260235213,-0.5559239861860388,-0.09774401955858214,-0.30082984372270216,-0.9466596183941229,-0.8934862256578511,0.004014229386470891,-0.5284438522731347,0.9890507024765824,-0.25017465316446486,-0.9436249089436999,0.8616518094999062,0.6783525752232114,0.29992136858836327,0.582761274964352,-0.7248008245482567,-0.42624120537346366,0.6595231663056451,0.39214397715196725,-0.7224146163636276,0.41107235057816083,-0.10279705203550682,-0.9894976033887641,-0.8415484574585574,-0.4881521431259106,0.669926198564762,0.09760849088767087,0.4544695706498636,0.05554301177344856,-0.7776262793515232,-0.42379684392153893
-0.39769761082756006,-0.9045011067622974,-0.1603489124931139,0.5877982172788763,-0.08577276672710266,-0.77828420941997,0.810293771323997,0.19347808563789393,-0.9671292955882111,0.03075146041881216,-0.5161237311580134,-0.7128463195074799,-0.14152221379333252,0.22961916555190132,-0.5188715223869129,-0.16686480958292038,0.3287426034840182,-0.8287720900254765,0.9493089819044433,-0.8646413541823079,0.052118890644341054,0.014655393159573205,0.9766629711929349,0.10830390483639096,-0.2190925348798718,-0.05972984368302803,0.2713415829372601,0.9620788451031206,-0.49269947786157453,-0.9675155377821048,0.5770400325590306,-0.3103950136732174,0.4658820429012833,0.25651392495131287,0.5430027482197182,0.4703739696246225,-0.33496278325603024,-0.9113286234095836,0.09202749041538305,0.6270177311121763,-0.6498217458965831,0.558285186956563,-0.07075420050592451,0.3907785039921279,0.2634716955166756,0.6229953636952128,-0.8737989259355508,0.5523807994068435,-0.08464084510529357,-0.4131148576499375
-0.9123874486817538,-0.6010603325696233,-0.916188116139236,0.8667419599007946,0.030767178508997572,0.9782454045922468,0.08606139530837176,-0.4933724695947652,0.5065818376377298,-0.6177931385321782,-0.2860516479292732,0.56168313395685,0.7315965541561151,-0.33615062723731093,-0.7510499835112332,-0.26396165137065397,0.7789730340245629,0.48661541103924244,0.7892749899101066,-0.22671046347861568,0.9474471686306181,-0.007593546925954708,-0.004953215012745371,0.8486209332539272,0.03855170706988398,0.6022961748035476,0.45416264868527145,-0.8421459878890643,0.2049065976604545,0.6446825590797733,0.09094879468927397,-0.35757714357081194,-0.8398621778500095,0.3218384429162733,-0.38700828781849506,0.2052432554611996,-0.14776785423390915,0.37952961689097253,-0.29690603245601577,-0.915289674299741,0.7400743501127842,-0.2948813793830354,0.9963011955460981,-0.4508892798502848,0.9600545583885582,0.8958087572061726,-0.8499176700236815,0.2750250757665966,-0.2733777386980354,0.6021919511243399
0.35882121562937974,0.9055787925592156,-0.7144410632749005,0.21514580664171068,0.562623939486933,-0.930402068402916,-0.8655332738757824,0.5570307470137308,-0.2673430537857029,-0.23429119662244458,0.13448928344823896,0.210189657709571,0.3581241138267899,0.8976470585311129,-0.25597324305863256,0.526168943597159,0.14784355666779136,0.05891976307257929,-0.2039319080951001,0.2991214734120631,-0.5007766938132041,-0.7731027748299639,0.47134971895885536,-0.0019120794870663982,-0.22602523992147305,0.12334542151929417,-0.47644664682500837,-0.47942045772019326,-0.10745377518876764,0.9927302243095215,-0.42884624460368403,0.8329578190837628,-0.017599609491551815,-0.7547251561920583,0.7056525807686453,-0.09591462950920526,0.7973580615724607,-0.10977761451508994,-0.8244185177905379,0.3638585205012743,0.6910424379493989,-0.36082445580005973,-0.3051494105228709,-0.8701218433678577,0.08434272245112462,0.7826633647077779,0.7027241015062518,0.4236182080144253,0.8546489134463555,0.2754000451280325
0.5873927676900055,0.017511490348601555,-0.7572750898430862,-0.5980392576446285,-0.7222462559232685,0.5807461216154983,-0.9474319463834686,0.10804287451919015,-0.26217766899755857,0.6073234525771729,0.10329386785285499,0.22389672524104176,-0.8275690366961346,-0.3814185649430757,0.9991900878687738,0.437739319781439,0.05139130966060024,0.538329100749396,0.6466787990167813,-0.852498574177522,0.9447594630275318,0.28467717877276266,-0.10005100867400785,0.36021798129916194,-0.3109704385946006,0.7559203033008235,0.5605258576766168,0.27958785873332603,-0.6360737268957253,0.9325292278682136,-0.13476342703605027,0.8214245418937747,-0.8891742999644459,-0.7516777587219756,-0.6939690663795988,-0.6706858402197517,-0.35467849769088877,0.41866426505849175,-0.30795383531625387,0.8818081098630695,0.7898518336422489,0.6918674123117312,-0.49878938203600187,0.2701141827754918,0.10168283096627939,-0.7496594097461946,-0.39435078778224786,0.06695605953676109,0.005146289482525379,-0.6627281965045864
0.8832139757371917,-0.6916114662408737,0.3174657467675086,0.44126553687454595,0.21027781572371085,0.6850600082267779,0.12723606886259153,0.650472534653264,-0.9432530242022448,-0.909076393417316,0.2829074676487202,0.15354246295475815,0.30225995497119973,0.5339180018326222,-0.1668264326735076,0.2779823844177409,-0.003923879727767865,0.25432802059616866,-0.42065668639678844,0.91330033990881,-0.03411036364916109,0.6093763084314661,0.3699816823913533,-0.4051322571405154,-0.8540539489893084,-0.880173934130662,-0.12078900015917804,-0.03149773978528159,-0.5919539728732026,0.21332052564127268,-0.3748350015061339,0.436725770224875,0.4683995096090936,0.7215547315086506,0.9507482558297604,-0.7384676968952271,-0.2589196038994175,0.12330243149673836,-0.3617682271936855,-0.06705486591872711,-0.4650566510916352,-0.5041622349489088,-0.8063766948788571,-0.41957599006019697,-0.23170033299678794,0.23075488832793734,-0.5034594392376268,0.7306150034414354,-0.6806006757396781,-0.34512835839761014
0.15537407578719287,-0.3745701582754539,0.5262427502772571,-0.0034689158801823883,0.029449678462968976,-0.0024805832046916887,-0.3829190358911414,-0.9536474035672979,0.8904656081384745,0.010888926047543102,0.9333732611049508,-0.5697111549475178,-0.2942098222872893,-0.8989191907442162,-0.010211592949647352,0.7646789527364022,0.3085200737792342,-0.05882629326360855,0.07338149857785403,0.6943447307869357,-0.13814446130491898,0.7649114618371857,0.4550161267187838,0.5277135283239791,-0.26812529496487403,-0.19883675797048683,0.14056328776205862,-0.6106893962245619,0.10644585324230338,-0.8529365005143164,0.008511058246409409,0.5288082294144791,-0.440558644752036,0.9781814012414451,0.3607972802377215,-0.7623779605528209,0.9501656308275681,-0.21219257454278573,0.5897944567618916,-0.3218294000948694,0.8778971339107509,0.5099303445855878,-0.6018842368951001,0.01824503245036424,0.00015580714128771156,-0.9093932950658505,-0.7259272528649592,-0.3339185892944656,-0.052511699209619955,-0.08602288143425207
0.21252104480760825,0.03101146429450785,-0.3440683047269475,0.226136242129356,-0.6749959082461212,0.9812314751222802,0.4786387211472083,-0.40153131494336347,-0.3272530956966433,0.6565787719147518,0.06467965975175272,0.41747961287087576,-0.40041887052517255,0.6314976664876484,-0.2632843802684608,0.3476127849460331,0.9597960623583237,0.16740428369757265,0.5935096278602943,0.4506484251037106,0.37608730240554333,-0.9467056900723336,-0.05081957182987895,0.9341413923441018,0.5658079828628428,0.5523240503441442,0.15526879172836572,0.4428002245926135,0.1670465540952799,-0.6589758765066813,0.25805048229072725,0.23947161100217884,0.6823342499165286,-0.7044485833993364,0.3614537901013577,-0.9368589733158013,0.8964103415686027,-0.7802089573326063,-0.9621252649867749,-0.3726150331082896,-0.6971374837613091,0.3810005218370509,-0.1792451813545899,0.549944603614182,0.8410418997944213,0.7456354178246407,0.47167454253736274,-0.8754374279711361,-0.7238350284295796,-0.5853165900575106
-0.34990093114789045,0.3244535994286981,0.05095430280007074,-0.37249480252436573,-0.6536351522853445,0.8242483218480208,-0.3153459646363077,-0.29142602271037443,0.5439795682974815,0.4418491226545853,0.286618199998923,0.38662662005964177,0.22015316015750308,-0.6154716617265732,-0.5069617289452792,0.11617330161480832,-0.5502659240143666,0.945821255181138,-0.40477086944618423,-0.42199172519295014,-0.5854444102907195,0.4099765194803935,-0.36591850996310393,-0.30239365159738685,0.8674007495416012,0.5908107120046671,-0.4530849264891539,-0.7562517885345699,0.3532444915650914,-0.24061162925123503,0.9603210746427244,0.6367549202611247,0.9092177267829227,0.6092316679131407,-0.41909469601412885,-0.42473931677172017,0.4282825749967907,-0.307272971808767,-0.11524777627032923,-0.48711204905303584,-0.04184147396703364,-0.595863985598807,0.07715584741730552,0.8660478675666154,0.3923426012936453,-0.7254540903981541,0.23135406882898457,0.1736609971416303,-0.5150839231794264,0.33966792978620797
0.062082979465598376,0.2758891468172753,-0.8950177863210744,-0.17339726790348275,0.43471611250048725,-0.7989101904453042,0.5415321161965583,-0.9896371071857399,0.10070513155923333,0.8581993603399556,-0.18618509690623308,0.8700641971923031,0.7567992430284565,-0.04510295911820705,-0.6010880506647966,0.9278280777818715,-0.35766459576166665,0.2917958357805397,0.8158739174712448,-0.8210785589769674,0.14826670635074657,0.07030455378720935,0.4462353564848467,0.8733387595012521,0.826459451339705,-0.6498704490380738,0.7644899463296664,-0.6484225849222749,0.839269623701868,0.9943436061770199,-0.2060108514434007,-0.009232205356484391,0.8732174895555256,0.9242627601666848,0.852079395792886,0.7534863358358468,-0.9814656630398004,0.13592373732899077,-0.785398618452924,0.9659877767420129,-0.43087669529990746,0.9781989401774467,0.08660096711394982,-0.012175159316361706,0.8771210034817447,0.7021194771559933,-0.06395846198741983,-0.6143772034523804,-0.774706477959691,-0.6750114749205227
-0.08217105793527768,-0.4854702395409618,-0.6276018617438646,0.47323579098451396,0.5815353288505114,0.13556244484187863,0.5145655005151224,-0.6490101723230706,0.7122930085469155,0.7940855235679503,0.6539796505526192,0.030561317919591824,-0.8265244603032882,0.3385117068199084,-0.6304375979053201,-0.7187762487314031,-0.35279665982983444,-0.50390583266571,-0.4784294458691123,-0.5289574943969322,0.507513303562914,0.9080696453098251,-0.3961083206167706,0.44576505680199485,-0.977128531611664,0.3073667341403974,0.3855371808454777,-0.8757513363989278,-0.7635503043920548,-0.38638731599276044,-0.18916677406320548,0.00504094247677922,0.7902367396325083,0.40711407020451196,-0.3780441032306794,-0.7651685083104474,0.8322607717012707,-0.4099247996875064,0.229250896287698,-0.5617427981293122,-0.7328624356063917,-0.6936288706216416,0.49546967430171307,0.21147789617813872,-0.16830876913755066,0.09846901763672955,-0.058343846241377006,0.0750353753864017,0.32818887867932767,-0.5631767546853481
-0.5050691413828445,0.5094790994497307,0.7462701169754666,-0.8362593870534503,-0.10650404500703337,0.4075322503117451,-0.8437945557051196,0.12833744454694962,-0.8764839048866324,0.09529849742186292,0.01097411218519162,0.14540334845572933,-0.7002952372351714,-0.34376472451558704,0.040683082369574075,-0.7675199556306715,-0.5891970289212769,0.16629535688203512,-0.8181167110966243,0.020750708065669032,0.6173841663544744,-0.09313539964043605,0.026495686403283036,-0.08640304857624792,-0.8845264381349505,-0.07524338852215262,0.613830705108785,0.4465601596500046,-0.20810258009348503,0.632906451866261,0.4916089656636313,0.1566225301180708,-0.9094203945443424,-0.3109422668757309,-0.8724801757758336,0.9882473209538403,0.8691655977698929,-0.8619617076793724,0.8675511251698613,-0.9365302579538419,-0.18226612836150347,0.5379441251669654,0.5316553658474235,0.956666569848202,0.29176163619432693,-0.15927612223534426,0.9857131971617579,-0.2350407622972559,0.7392405706214169,0.8135346230491451
-0.24870893239602476,0.36546070820308274,0.32358507625093624,0.07860052783772042,0.30706819683740405,-0.3044602257216995,-0.6430527419917766,0.07451697279600245,0.057685079088018565,0.4557162818122562,-0.554619568067467,-0.9930534101101844,-0.9545293453560668,-0.40327402259403633,0.34699971555313414,0.08889067805004158,0.0638672169935175,0.6467208747515687,-0.5049759229924489,-0.3076805300247465,-0.4487005444097454,0.8748207222701336,0.4500478918178368,-0.7743107224670454,0.6189563670783889,-0.1615188030164958,0.5321069350278067,0.767513243690749,-0.9687084072729009,-0.5878367562995717,-0.7982065738149859,-0.9328474484914384,0.19556979346310532,0.40657253372985735,-0.9026473575125018,0.48108215695972323,-0.19546929837818738,-0.5313214430248767,-0.5654615796448932,0.7274604853401128,-0.8871119299510781,0.007791697881869064,-0.4214730972921623,0.6315725135266337,0.46303496623203655,-0.36219260726161595,0.19583534855452478,0.3450638028738273,-0.3586697692140337,-0.3964711297115935
-0.7134791316733426,0.3204248476214864,-0.5579145191079349,-0.3989980924851608,-0.8780847257864757,0.8970405100534427,0.7594277819277659,0.8231553312410889,0.25198627529665996,-0.145598835410913,-0.008758425013958071,0.9445804706873717,0.8831728196638235,0.3426850494914446,0.571609191961036,-0.36253108536737555,-0.1673507331571107,-0.7015647843496726,-0.24707962298573594,0.5088321944762506,-0.052962359175560136,0.698681864520081,-0.3985271624097044,0.4151535949759444,0.6115523198697739,0.829482347631811,0.12477189917381826,0.9355723770932534,0.11457351639854618,-0.7318144978818439,-0.5142829678208285,-0.5933265338798912,0.2934117030958894,0.8444522090224447,0.6942667718392237,-0.8150720069462727,0.4491694246144038,-0.6190367631385234,-0.4630768242900376,0.34734384126915696,0.20584408997815173,0.7472409169790792,-0.6236734121344893,0.5233928350744199,0.44861047970429824,0.11770095254505453,-0.04121158705817041,0.7389477030490759,-0.33407137836235745,0.9140395210533463
-0.9693325875430143,0.8743195264044954,0.924155112228918,-0.765367601113331,0.9991440140356234,-0.042158247315268405,-0.514813636308517,0.20880306815756233,-0.5909737140442126,0.8302529191871129,0.10415858509562903,0.5510277641275405,-0.2386765112541549,0.06730025483252611,-0.2814808888968485,-0.4768767452292948,0.025633080047547052,-0.005445413798033316,-0.8027835368690399,0.9626369136931534,-0.061019155954883164,0.6794623631273697,0.8286609977949781,-0.2585901571374831,-0.17213965884275084,0.12504945492870867,-0.5574518033675495,-0.7081545737949029,-0.47845178018046086,0.869516500592707,0.15828585207480095,-0.16484385288965275,-0.6951771796317134,-0.3402694280442802,-0.24032045051769169,0.6667254305739703,-0.0013970352613550396,0.3092159322420438,0.3696932246918123,-0.48534648473023445,0.6431838793847127,0.9330165345006873,0.2833889087974144,-0.018808834838435207,-0.663532708096918,0.5899510287072682,-0.6614685782796366,0.4406270615241874,-0.02336735749173524,0.8337987793887336
0.08427371070271028,0.28361892636473307,-0.8825358968385397,-0.9323524856706189,0.6933947663654447,0.8903762224017964,0.3364310867863056,0.5286776871440384,-0.1752155551688146,0.685089433650697,-0.537133215845109,0.4143391274069197,-0.9817170766186765,0.011465839386130217,-0.25359861462637623,0.235670471753606,0.3335094591066794,0.23303872216867583,-0.03359169275634977,-0.02429123199385752,-0.9867752860156822,0.10328712182251376,-0.9762980637442151,0.058835293683301204,-0.45051852560433603,0.9549586964650234,-0.9657148047951456,0.6263144418278197,0.34806590423842065,0.6123353978948578,0.8195467319975323,-0.7859671426110142,-0.8073722194971831,-0.702205028519499,-0.6161358860167736,0.05291197080043242,0.6304287814265652,-0.4653505266467284,-0.2062071550038571,-0.25389683307263566,-0.18794518025222806,0.13000436489593814,0.9804660632794546,-0.5482854947451556,0.368083250940771,0.6957342040630714,0.3074714391183062,0.7164383180423743,0.5191717003536895,-0.8129989891457812
-0.24147195552036815,0.10540287905939061,-0.8877701217420686,-0.9810996546917388,-0.6572328495579047,-0.00028321377441598017,-0.13218069605667537,0.5687526215802223,0.13171325590206995,0.7159206267273388,-0.8092763290585399,0.056318371283295976,-0.9148964847659098,-0.5771658882309056,0.7362337811632111,0.7751086140689871,-0.0489994247094534,-0.9068760585165134,-0.8513038801486978,0.8511696201618464,0.7986233017300173,0.12701972809596707,-0.9341964396930562,0.8575327225093186,-0.3710306135466981,0.9229383797520117,0.17407220816897673,0.5045089396937301,0.42542279989871945,-0.20340795920975596,-0.8461250171173083,-0.6750994985705883,-0.5190556113914264,0.669301120183504,-0.2216867852652824,0.7930515340054396,-0.3365403207563429,0.5112185290417846,-0.7200988115296054,0.9769559158282062,0.44832714018862974,0.0015857032754502676,0.9486466548719927,-0.8926071361052128,-0.12582349431300166,0.6773493152263499,-0.3188145070497881,0.5380113067308847,0.9097167938293316,-0.206593901382081
0.5471098322626449,-0.9407486821096698,-0.45334594274240536,0.9851717569015948,-0.018793087778413486,-0.2883776045883042,0.8822856899414508,-0.1363041075209106,0.35938971617631776,0.32134381502975096,-0.8286117647265285,0.23723178051977567,0.5961103476054932,0.4262170653567714,-0.8359239806537029,-0.6915580722689632,0.4233543095572334,0.2678017639261019,0.4793105779531892,-0.36664354263692767,-0.7868981645774777,-0.9896095552599398,-0.3834650897274039,-0.2801650053062068,-0.46046711352122704,-0.7349859910116012,-0.6252164329442456,-0.1023126459570971,0.10948000121773549,-0.183911649833725,-0.9474761919734056,-0.29217142530948226,-0.8138714790802517,0.19608759558854572,-0.3511393388551747,-0.22952416520803265,-0.416305297407358,-0.22440088124321256,-0.830600966142955,0.8022720897128661,0.8104151486267177,0.9563461280277745,0.143920861499079,-0.660834153215349,-0.23853595302251374,-0.7223198820811665,-0.39773746924986253,-0.01375211557843059,-0.8734656994460912,-0.13064746147451012
-0.15779532045495137,-0.03153737213214303,-0.8461572772096857,-0.49660052442219427,-0.5068198633059942,0.25006737553778935,0.18761279607815728,-0.6089035502394791,-0.786055264838196,-0.3906840084974861,0.8976469247891303,-0.3355655693767461,0.24038437574937865,0.6081529239147649,-0.3409165674414796,-0.330527552506086,0.6309509400060063,0.7190169342016703,0.9484507530092137,-0.7277510568434704,-0.3586696892498247,0.8945578440322324,-0.5982970225958566,-0.37163343760911727,0.9291492461895878,0.937450443493391,-0.41710369683989357,0.3899155353442201,-0.01798537421579538,0.1517585632499212,-0.5151514064388538,-0.24788939535170584,0.6329890308658261,-0.21412974052108025,-0.7722243527760038,0.12770101725757188,0.18445406850077095,0.09125817090164423,0.36342526626017535,0.10019831399494561,0.906009222972592,-0.07675555433370307,0.41673410251212695,-0.12309009138218285,-0.41733758402940935,0.3856705586486855,0.637931136008917,0.5913136719919088,-0.18171681951019703,-0.0013935694220794659
0.26667207930732717,-0.5159576646584023,0.3173259370646362,0.43047278259885235,0.5781535264401259,-0.8520697288354231,0.981401228873936,-0.041530600454747546,-0.19838980534125272,0.013225286059018071,0.8407843689565915,0.3834177317962153,0.08729040677495536,0.5814418340985184,-0.28094101396748017,0.7910030307217981,0.07381197204917567,0.27636073402168226,-0.8300361318980245,0.537908095840081,0.3152032891615313,-0.2899823611030208,0.2939996959668085,-0.9114066129443008,0.9672164119039655,0.3549437917283713,-0.20076450754983544,0.5053655554592116,0.9314335554276565,-0.13908891221963549,-0.9789044544308401,-0.4825232591926891,0.021352481050089356,0.03759553369869906,0.16103659104800827,0.15047079654085227,-0.1084428969901865,-0.21773166264499433,0.5446844649248641,0.17717991308029446,0.0009315632394690798,-0.31006522480096343,-0.9508746939484614,-0.7909012839878766,-0.16804914294857487,0.9234557313599407,-0.7678613240820507,0.881352316292386,-0.7166496463369034,-0.3762193122049171
-0.08933472954824584,-0.586265347583371,-0.03414800244122307,-0.04767493758167296,-0.12366812345394584,0.39352653104733215,-0.3621810515645991,-0.3994718336361194,0.6203718738373962,-0.7698294666024281,0.6983600160938195,0.2959398345554274,0.35427866578176803,-0.6712918142985935,0.9678009411765558,-0.5121741068960146,-0.6510935343517321,-0.6797285775692814,0.11969790497972621,0.9169252434678994,-0.5362889051771793,-0.18990512743949428,-0.6310964496972127,0.28095775332015616,-0.135731095141435,-0.9416154513152188,0.22821387474383958,-0.6053511284355073,0.1844063167207366,-0.2223284392885858,0.4094712319194689,-0.5884310412653562,0.5046509907209833,0.6174595772625215,-0.8748724970616713,-0.7964959025457152,0.7439586600197703,-0.6260803287358132,-0.34803017680236303,-0.08489915558762906,-0.47529320909527817,0.7252730949146147,0.05543003925556533,0.27821717133230117,0.193941658565987,0.2226168422780037,0.17400942913043593,-0.3041507251264912,0.6910356053391185,0.23472535867284994
0.6274765085218676,0.4119767218919601,-0.4051103306012962,0.22896903142583902,-0.8304960627539444,-0.7321044606985787,-0.7642766946766866,-0.3892399949290022,-0.633910963337033,0.38687308343289106,0.021649738974321764,-0.1635217875774828,-0.724265402930885,-0.23258007432462602,-0.6284926014144687,0.2710032841172705,0.3868658530587106,0.2905201901599008,0.9997991051261841,0.10982515166499485,-0.020715947615582264,-0.7194069298044059,-0.3708399706783114,-0.09799805850669774,-0.8927774747383264,-0.28192165565726235,-0.9808331208734375,-0.7269305706750082,0.6304318813077237,0.9276581788298797,0.010876039461340747,-0.010060304267192732,0.369393341119973,-0.16873912945177616,0.6797836042024454,-0.022600976120628724,-0.8346587484270662,-0.9382785887139904,0.5221132370908483,-0.41582018088258677,-0.45029416345293205,0.07521723640963884,-0.6635820451268526,-0.08535722545310187,0.4850365038595741,0.5318391098873814,0.09945236907610266,-0.7735780094159537,-0.7715866972820624,0.550226055727991
0.6465656159951332,-0.26627645578915815,0.6452218555925227,-0.9167789554595334,0.43796048226008666,0.0927065494439292,0.9795514557533664,-0.7951671222450034,0.6601414330850794,0.5026909894873444,-0.4045821297942127,0.9986253385578154,-0.10053531433917251,-0.3028460463553724,0.6334571702328771,-0.12186019323333408,0.9879153686372342,0.5512632997615472,-0.5261078892666375,0.6214054336788204,0.17584779395362116,-0.29873831777202065,0.421507918987599,0.26554126185427696,-0.6680367646194816,-0.7215300681464478,-0.5867606876264533,-0.586114558496468,-0.8812843327213178,-0.2983690420943381,-0.43782996241960404,0.07753709209527604,-0.35269276829063667,0.40810752351037705,-0.4213335130701128,-0.46531386744383973,0.7160336898925153,0.9709766045235884,0.3585986318466201,-0.8095496723713145,0.9255439899875839,0.5713820965825946,0.8375374236596507,0.9849724512893487,0.7340951808675569,-0.7462236627723795,0.7321575899823136,-0.5006455161237204,0.4227896976783381,0.6569636053972652
