language,n,run,seconds
Java,50,1,0.000469875
Java,50,2,0.000468833
Java,50,3,0.000485125
Java,50,4,0.000473333
Java,50,5,0.000470166
Java,100,1,0.003656083
Java,100,2,0.003592333
Java,100,3,0.003690791
Java,100,4,0.003709583
Java,100,5,0.003610125
Java,200,1,0.007268417
Java,200,2,0.007079834
Java,200,3,0.007277959
Java,200,4,0.007212167
Java,200,5,0.007107792
Java,300,1,0.023870083
Java,300,2,0.023817166
Java,300,3,0.023842125
Java,300,4,0.023824333
Java,300,5,0.023826459
Java,500,1,0.114432083
Java,500,2,0.116232708
Java,500,3,0.120522000
Java,500,4,0.117083875
Java,500,5,0.115615791
