language,n,run,seconds
Python,50,1,0.009563750
Python,50,2,0.008637084
Python,50,3,0.007851750
Python,50,4,0.007035083
Python,50,5,0.006553000
Python,100,1,0.041820250
Python,100,2,0.042106708
Python,100,3,0.042070958
Python,100,4,0.057050334
Python,100,5,0.050770458
Python,200,1,0.342138791
Python,200,2,0.339358084
Python,200,3,0.337980666
Python,200,4,0.339667250
Python,200,5,0.337183250
Python,300,1,1.253367334
Python,300,2,1.251765167
Python,300,3,1.277145667
Python,300,4,1.249550333
Python,300,5,1.245761708
Python,500,1,6.649476417
Python,500,2,6.567383000
Python,500,3,6.545530750
Python,500,4,6.579278792
Python,500,5,6.572771500
